"","logFC","AveExpr","t","P.Value","adj.P.Val","B"
"28303",-1.17905405405405,6.09137162162162,-15.3279000305682,1.56398005201007e-39,8.60741021565072e-37,79.136206845205
"34432",-2.05390540540541,7.43435135135135,-15.1679137654994,6.204405566241e-39,2.90242092388754e-36,77.7721393394316
"24013",-2.83031756756756,8.48442905405405,-14.7775854497504,1.77603917305264e-37,6.39100865503095e-35,74.4518564675231
"12130",-2.24364864864865,10.4049797297297,-14.6920837226043,3.69691917070893e-37,1.28105095411677e-34,73.726188793105
"42238",-2.04791216216217,12.2332398648649,-14.6729189767149,4.35678824009557e-37,1.45578967051194e-34,73.5636224791002
"18419",-1.6336891891892,11.0571554054054,-14.6654666497583,4.64406545842453e-37,1.49827160100069e-34,73.5004164665615
"38291",-1.6223445945946,12.6140641891892,-14.6544867558206,5.10214937819039e-37,1.59119031941164e-34,73.4073009346411
"55804",-2.03543243243244,11.9890810810811,-14.5946556488633,8.51713330135808e-37,2.41473633840928e-34,72.9000935345261
"7646",-1.65750675675676,11.581597972973,-14.5651726426504,1.09623013765882e-36,3.0165674023341e-34,72.6502787450164
"27015",-1.57537162162162,11.3538277027027,-14.5593713955334,1.15203246823393e-36,3.07954736365618e-34,72.6011333733968
"54652",-1.76266216216217,9.89391891891892,-14.5149157688138,1.68522593430019e-36,4.37971495592017e-34,72.2246331968101
"39791",-2.57508783783784,9.93991554054054,-14.369583686213,5.83596085591213e-36,1.35148524853456e-33,70.9951531232749
"18146",-2.35027702702703,7.61842905405405,-14.367859990175,5.92249841704968e-36,1.35148524853456e-33,70.9805838257385
"20610",-2.28660810810812,10.1995743243243,-14.3218625520362,8.77089242024506e-36,1.90838301125146e-33,70.5919112560171
"18029",-2.17227027027027,8.99818918918919,-14.3101568887767,9.69232596779319e-36,2.06094094896984e-33,70.4930353500968
"30254",-1.81231756756757,8.31956418918919,-14.2646445433576,1.42905338861538e-35,2.97116077864122e-33,70.1087385473233
"36643",-2.35067567567567,7.10243243243243,-14.2390118400179,1.77817065231503e-35,3.61664448327379e-33,69.8923997330051
"27156",-1.93002027027028,13.6681452702703,-14.2167789825057,2.149228845733e-35,4.18920522514123e-33,69.7048136636941
"27691",-1.40738513513513,10.6588277027027,-14.19774881685,2.5276462603979e-35,4.82625681883322e-33,69.5442931390821
"7662",-1.35223648648649,6.77044932432432,-14.1819932750121,2.89079191075918e-35,5.40924982341257e-33,69.4114247610086
"50912",-2.39393243243243,8.21597972972973,-14.1546603722596,3.64862042881015e-35,6.56471014075919e-33,69.1809892440821
"37440",-2.77970945945945,9.60809797297297,-14.1231931551862,4.76967819557042e-35,8.41983192410506e-33,68.9158035570038
"3097",-3.02229054054054,8.84190878378378,-14.0862073626571,6.5342125529571e-35,1.1321128267679e-32,68.6042564203474
"25806",-1.48019594594594,8.58894256756757,-13.9956795124369,1.41091988908702e-34,2.40010299678149e-32,67.8423801370291
"21354",-1.70947297297297,9.55645945945946,-13.9628596452233,1.86464999201525e-34,3.06064303952538e-32,67.5664135094617
"29341",-1.93647297297297,13.2753851351351,-13.9515512697301,2.05261964499483e-34,3.31108782733993e-32,67.4713572850393
"61412",-1.89241891891891,10.0882297297297,-13.9446079133785,2.17728766387945e-34,3.4526615903824e-32,67.4130004499788
"49718",-2.73690540540541,11.363722972973,-13.8630976089106,4.34844798528499e-34,6.45779037306768e-32,66.7283804917359
"28852",-3.26431756756757,11.7150506756757,-13.8429699631275,5.15776849283623e-34,7.54001281546496e-32,66.5594541580971
"3590",-1.95028378378379,7.76000675675676,-13.795836521948,7.69059697936023e-34,1.09020038392264e-31,66.1640793772847
"16655",-2.22921621621621,8.66332432432432,-13.7637296118376,1.0094245511285e-33,1.38884942652328e-31,65.8949195500356
"34087",-1.74635810810811,8.29918581081081,-13.7510649844461,1.12369356237534e-33,1.52366332892517e-31,65.788786456028
"28148",-1.85124324324324,9.12493918918919,-13.7089562243676,1.60485539185208e-33,2.1147925417138e-31,65.4360574681888
"53835",-1.82137837837838,7.9019527027027,-13.6968653601774,1.77771356090426e-33,2.31004001053059e-31,65.3348210758921
"17493",-1.2315945945946,7.29469594594595,-13.6821312038204,2.01367054784933e-33,2.5459326548214e-31,65.2114793495639
"2248",-1.95568243243243,7.61824662162162,-13.6704998418203,2.22181428179844e-33,2.7716392560675e-31,65.1141324984281
"14916",-2.30283783783784,9.7227027027027,-13.6653678878451,2.32035110507328e-33,2.85647433408758e-31,65.0711873157788
"25943",-2.07839864864864,7.55535472972973,-13.6524339036049,2.58847474066527e-33,3.10484226585439e-31,64.9629693127406
"42463",-3.03891891891891,12.4214932432432,-13.598973103715,4.06660361049782e-33,4.81609409871109e-31,64.515911828281
"21593",-3.01699324324323,10.843097972973,-13.5423149164803,6.56090645525248e-33,7.48583424333441e-31,64.0425562976584
"36115",-1.29808783783783,8.12442905405405,-13.5400606529187,6.68689965334229e-33,7.53766664538199e-31,64.0237323504348
"43612",-1.38622972972973,8.54418918918919,-13.5344116657364,7.01333630296438e-33,7.81152076792081e-31,63.9765643996027
"57277",-1.06993243243244,12.7451081081081,-13.5289274221283,7.34545915703571e-33,8.08519010273249e-31,63.930776427416
"51758",-1.56829054054054,8.2736722972973,-13.4703101263333,1.20413497505582e-32,1.29492952030141e-30,63.4416535261677
"55300",-1.80006081081081,7.38984797297297,-13.4268969930538,1.73585448626647e-32,1.83550440594968e-30,63.0797255091856
"48699",-2.40610135135134,9.90109797297297,-13.4262019777431,1.74604416555709e-32,1.83550440594968e-30,63.0739335674203
"18913",-1.1113445945946,7.59420608108108,-13.4187268768703,1.85948317169226e-32,1.93303606159475e-30,63.0116440521218
"59278",-2.61552027027028,9.60936824324324,-13.4058755107515,2.07196419028331e-32,2.13025241365831e-30,62.9045741097763
"32850",-1.20629054054054,13.8927331081081,-13.3868391072599,2.43202252479841e-32,2.44666696150687e-30,62.7460199417848
"15153",-2.56041216216217,10.0279425675676,-13.3362082142373,3.72329213280448e-32,3.66685486258091e-30,62.3245841896932
"22459",-2.67188513513514,8.69216554054054,-13.2906361107781,5.46085411183096e-32,5.26719083198871e-30,61.9455948493691
"29742",-1.84436486486487,5.9139054054054,-13.2755154751771,6.20038165615915e-32,5.9194664056148e-30,61.8199195401009
"31434",-2.53120945945945,7.44946959459459,-13.265215223314,6.7605703068057e-32,6.38908038287617e-30,61.7343295447323
"50864",-1.50350675675675,8.52076013513513,-13.2554404690413,7.33880034725035e-32,6.86618160488743e-30,61.6531217096243
"37786",-1.15699324324324,7.72301013513514,-13.2501417371504,7.67261025347355e-32,7.03773936583319e-30,61.6091066328381
"42074",-1.68251351351351,7.07789189189189,-13.2303409935789,9.05973395475428e-32,8.15027604621933e-30,61.4446670343741
"11308",-2.02380405405406,12.7814695945946,-13.2269156478639,9.32390518847012e-32,8.30804351841204e-30,61.4162268646575
"36966",-3.3546081081081,10.8995675675676,-13.2237632003647,9.57381564960293e-32,8.45024709600802e-30,61.3900541939625
"33815",-1.13629054054054,11.9016858108108,-13.2038471024077,1.13146592238211e-31,9.89345342972622e-30,61.2247410613127
"34976",-1.17207432432432,8.088125,-13.2013833890296,1.15508814998749e-31,9.91468323970917e-30,61.2042955104364
"56540",-2.45307432432432,13.7350101351351,-13.1599294522291,1.63508479603959e-31,1.37818498664382e-29,60.8604307637201
"50333",-1.3145,8.41510810810811,-13.1558833234008,1.69147242727869e-31,1.41298357407317e-29,60.8268827376165
"53199",-1.77520945945947,15.5964087837838,-13.1232746063413,2.22275687567275e-31,1.80835768076471e-29,60.5566096630068
"8190",-2.00166216216217,8.37311486486487,-13.0943826055737,2.83096535339297e-31,2.28331998675385e-29,60.3172895424776
"24497",-1.28949324324324,13.1476993243243,-13.0730848599864,3.38320432434164e-31,2.70540680842226e-29,60.1409641569436
"55879",-1.22239189189189,6.23575675675676,-13.0100122517878,5.73235615347761e-31,4.4528443761706e-29,59.6192331120132
"5682",-1.51312837837838,6.78290202702703,-12.9946234280793,6.51872469182252e-31,4.9991137882534e-29,59.4920415754949
"58449",-1.10043243243242,12.5491013513514,-12.9746301550149,7.70318566760243e-31,5.85943130943808e-29,59.3268546479846
"9586",-2.01841891891892,9.2818445945946,-12.9553035913461,9.05173316103739e-31,6.82967866569886e-29,59.1672423418788
"18751",-1.50874324324325,8.51316891891892,-12.9459831181364,9.78384704633657e-31,7.323013837242e-29,59.0902907176983
"37922",-1.57941891891891,5.70464864864865,-12.9063944227546,1.36115594276075e-30,9.94919921911689e-29,58.7636095524915
"27178",-1.38950675675675,8.88532094594595,-12.899286673299,1.44424518548211e-30,1.04746960894346e-28,58.7049866973025
"55859",-1.34172297297298,9.72751689189189,-12.8975010334064,1.46590250816822e-30,1.05499875895553e-28,58.6902606231313
"38912",-2.82886486486487,12.0431824324324,-12.8837599143277,1.64376922247027e-30,1.17397746911694e-28,58.5769574350501
"43124",-1.02662837837837,11.238597972973,-12.8121576921311,2.98378191290814e-30,2.03289414014664e-28,57.9871082788664
"15890",-2.67804054054054,8.73087837837838,-12.8115663963935,2.99849712847624e-30,2.03289414014664e-28,57.9822411509481
"25485",-1.47188513513513,7.28284121621622,-12.8059256417934,3.1425651466488e-30,2.1152402526652e-28,57.9358136767702
"36220",-2.84732432432432,8.83531756756757,-12.775962828871,4.03181828837974e-30,2.65645717648456e-28,57.6892963560439
"16390",-1.58535135135135,6.8617972972973,-12.7690154168708,4.27152274616869e-30,2.79471096595484e-28,57.632160635509
"50574",-2.3802972972973,12.2117432432432,-12.7671988475666,4.33650973793989e-30,2.81752674362261e-28,57.6172225941621
"35236",-2.05498648648648,8.81664189189189,-12.7118917977725,6.86539410001368e-30,4.34004237836e-28,57.1627160227664
"39029",-1.36015540540541,10.2826790540541,-12.7097366502917,6.98932699232886e-30,4.38873445236435e-28,57.1450169268229
"52464",-1.48033108108108,6.60236824324324,-12.6804245736956,8.91406323121818e-30,5.48684049942614e-28,56.9043796947212
"52519",-1.06103378378378,5.52613851351351,-12.6698071816099,9.734716616387e-30,5.88952364470776e-28,56.8172566879462
"58217",-1.79280405405405,8.73128716216216,-12.6695300113677,9.75712018950088e-30,5.88952364470776e-28,56.8149826041913
"31092",-1.32249324324325,12.7150844594595,-12.6584843253522,1.06930607328711e-29,6.41309462927832e-28,56.7243686460929
"11475",-2.02889864864865,12.6420506756757,-12.6444633828839,1.20111092631875e-29,7.05545171560977e-28,56.6093807608157
"48377",-2.94143243243243,9.44147297297297,-12.6239603202058,1.42355130668461e-29,8.27251305921812e-28,56.4413003457339
"16670",-2.78333108108108,10.3242804054054,-12.6159261760305,1.52152209460337e-29,8.78725970191924e-28,56.375460103663
"35293",-2.59130405405406,9.04702364864865,-12.6080609030445,1.62394237925664e-29,9.32123000019947e-28,56.3110159363008
"52342",-1.61422972972973,9.38828378378378,-12.5900692228718,1.88481790167062e-29,1.06231061976086e-27,56.1636463955731
"32411",-1.67656081081081,6.76513175675676,-12.5817626740442,2.01897473378781e-29,1.13110943768376e-27,56.0956289945054
"42202",-1.3332972972973,8.68994594594595,-12.5766744167094,2.10581372928326e-29,1.17273769352227e-27,56.0539709699888
"34354",-1.07354054054055,6.99238513513513,-12.5636168425392,2.34608453625517e-29,1.29881461072209e-27,55.94709076641
"29703",-2.02479054054054,12.6542128378378,-12.5355787735302,2.95836884837153e-29,1.62814699678612e-27,55.7177046961513
"43600",-1.70678378378378,6.04048648648649,-12.5225801124963,3.29396391829435e-29,1.79176316392802e-27,55.6114126463912
"54166",-1.6455945945946,13.5739189189189,-12.5022054359152,3.89795469804959e-29,2.09593472154896e-27,55.444873840224
"25290",-2.0701554054054,6.83149662162162,-12.4937232359305,4.18086388156626e-29,2.23520928433908e-27,55.3755665184342
"25453",-1.76366891891892,10.9470506756757,-12.4893856468853,4.33335619933949e-29,2.3035727614216e-27,55.3401300603252
"9916",-3.04546621621622,11.1283074324324,-12.4149152520302,8.01094543025331e-29,4.14090637820165e-27,54.7323319263458
"6475",-1.16789864864865,6.16130067567568,-12.3859395288647,1.01714779299602e-28,5.17197540829933e-27,54.4961514223925
"19284",-1.75574999999999,6.62136148648649,-12.3685217000271,1.1740433427219e-28,5.87398369759683e-27,54.354263064669
"61409",-1.32688513513512,8.80180067567568,-12.3274718278116,1.64589956759289e-28,8.14763828275081e-27,54.0201159524886
"50275",-1.20748648648648,7.15922297297297,-12.3241842977434,1.69101292780631e-28,8.32690365923989e-27,53.9933707332854
"25985",-1.28068243243244,11.4648141891892,-12.2685354314234,2.67167768902334e-28,1.2951407491452e-26,53.5409966103244
"49438",-2.23947972972973,10.1097804054054,-12.2656776116159,2.73512574183564e-28,1.31906373405228e-26,53.5177830623251
"55495",-1.46542567567568,10.2565844594595,-12.2519909000625,3.06044379024654e-28,1.46089347456871e-26,53.4066328119061
"6831",-1.57741216216216,11.1797331081081,-12.2336626314631,3.55726482022082e-28,1.6640884828993e-26,53.2578517694501
"33834",-1.81693918918918,9.50841554054054,-12.2259239428186,3.79045765038376e-28,1.76435431726321e-26,53.1950543004344
"50739",-2.19684459459459,8.77326013513514,-12.2190655561373,4.00982690180151e-28,1.85722477689381e-26,53.139411154702
"32830",-1.98293918918918,10.0403344594595,-12.2002956681755,4.67706588260944e-28,2.1345672389119e-26,52.9871807005872
"49259",-1.90819594594595,13.561402027027,-12.1718824291484,5.9034037208156e-28,2.64519850905249e-26,52.7568863881756
"53458",-1.29451351351352,8.57202027027027,-12.1665200122757,6.16850535060685e-28,2.74821600287036e-26,52.7134430296314
"49630",-1.73218918918919,10.9478716216216,-12.1514490087061,6.97882447569557e-28,3.07990008465131e-26,52.5913801474452
"34020",-1.57403378378378,6.89457094594595,-12.1499042616472,7.06765241715304e-28,3.10445802886778e-26,52.578871800916
"8467",-1.41192567567568,8.70113851351351,-12.12627115953,8.57596120691674e-28,3.71466171536634e-26,52.3875727716913
"59939",-1.33486486486486,14.3031148648649,-12.1240680194719,8.73195510052481e-28,3.74753082204175e-26,52.3697457303836
"2377",-1.09277027027026,7.73265540540541,-12.0833715148901,1.21797738464539e-27,5.17972564124649e-26,52.040640014484
"40110",-1.18547297297297,7.405,-12.0682549491368,1.3781060827049e-27,5.83419027592175e-26,51.9184902401703
"17211",-1.41147297297297,7.74967567567568,-12.0671822486564,1.3902357251063e-27,5.85902947932185e-26,51.9098242303081
"2231",-1.30335135135135,5.69672297297297,-12.0625036690123,1.44439539045849e-27,6.05998353055141e-26,51.8720305182466
"23768",-2.64962162162162,8.51303378378378,-12.0441966473959,1.67730176091311e-27,6.94373242261198e-26,51.724193811859
"49124",-1.56063513513514,10.6843648648649,-12.0218582901268,2.01274482968419e-27,8.22324918188877e-26,51.5439063776133
"31831",-1.86243243243243,7.70041216216216,-12.0184504714775,2.06948979565355e-27,8.41832457744985e-26,51.5164127903604
"20486",-3.02148648648648,12.6250067567568,-12.0066156850683,2.27922573422557e-27,9.19156722819587e-26,51.420952949957
"31814",-1.86737837837837,7.69727027027027,-12.001339292507,2.37943686298599e-27,9.55451128330339e-26,51.3784037987412
"42559",-3.25452702702703,9.13420945945946,-11.9995343850901,2.41471457019771e-27,9.65473056357681e-26,51.3638503947976
"51404",-1.15127027027028,13.3796959459459,-11.9967143356352,2.47087990541378e-27,9.83404620212958e-26,51.3411131667834
"18128",-1.56782432432434,11.7101959459459,-11.9796676823045,2.83920812343264e-27,1.12082832079476e-25,51.2037103355278
"36011",-1.86331081081082,8.29724324324324,-11.9505088389439,3.60041834355992e-27,1.40356308426444e-25,50.96883550396
"7786",-1.37069594594594,10.774597972973,-11.9251738521927,4.42498252406462e-27,1.6898014895979e-25,50.7649238832465
"31859",-1.55893243243242,9.63141891891892,-11.9155589235723,4.78501296017731e-27,1.81249316823558e-25,50.6875766558352
"26687",-1.11741216216216,10.3573344594595,-11.9030959410462,5.29545737707667e-27,1.98973089236664e-25,50.5873508864832
"4862",-2.06914864864864,8.41992567567568,-11.890086883397,5.88620987764506e-27,2.19407886913335e-25,50.4827730399377
"51894",-1.334,12.4076959459459,-11.882298211179,6.27086778235091e-27,2.32818408617758e-25,50.4201803951486
"51325",-1.88599324324324,6.36269256756757,-11.8781631252158,6.4851623400502e-27,2.3982284131822e-25,50.3869552095098
"42630",-1.12350675675675,9.92095608108108,-11.8578801902922,7.64673968227614e-27,2.80560378303433e-25,50.22404230266
"57341",-1.31969594594594,10.2369695945946,-11.8526951096303,7.97557077033607e-27,2.91482187997126e-25,50.1824115041432
"29166",-1.10666216216217,5.87712837837838,-11.8341231480526,9.27329346535629e-27,3.3759118156371e-25,50.0333512040032
"28063",-1.34589864864864,12.1666114864865,-11.8209374677664,1.03203904781104e-26,3.74254160128685e-25,49.9275723673353
"24636",-1.40325675675676,8.18084459459459,-11.8190496918529,1.04796449626709e-26,3.77105993349034e-25,49.9124316082393
"6356",-1.15560135135135,9.50655067567568,-11.8073076075793,1.15266839275615e-26,4.10051919491502e-25,49.8182746064088
"30247",-1.30539189189189,14.4572905405405,-11.7924312112904,1.30041254156123e-26,4.6085832344117e-25,49.6990325822771
"38087",-1.34889864864865,8.28722635135135,-11.7809158066803,1.42760684052588e-26,5.04026022640006e-25,49.6067678294045
"30720",-1.00204054054053,10.6982905405405,-11.7631798797844,1.64816767334337e-26,5.75382714619423e-25,49.4647261675505
"60066",-1.46751351351351,10.9370135135135,-11.753850969191,1.77748525485351e-26,6.15931557200351e-25,49.3900448628
"18358",-1.28285135135135,12.4784324324324,-11.7483491642079,1.85843977260529e-26,6.41607472785798e-25,49.3460110060585
"4417",-1.20510135135135,7.71221959459459,-11.7234371499906,2.2734764951297e-26,7.734780395794e-25,49.1467209207866
"40401",-1.42542567567567,10.3066114864865,-11.7217587323518,2.30454997142105e-26,7.78388791791169e-25,49.1332995350505
"24693",-1.47647297297297,7.13133783783784,-11.7177392691512,2.38069520147497e-26,8.01215262769779e-25,49.1011609464952
"55875",-1.05194594594594,13.5764594594595,-11.6859713354103,3.0776714857905e-26,1.02472222138989e-24,48.847294950427
"26340",-1.22063513513513,10.4474054054054,-11.6604269894819,3.78281031465845e-26,1.25059976339026e-24,48.6433473621611
"60576",-1.98327027027028,9.50915540540541,-11.6249124341925,5.0379976774633e-26,1.64235213485528e-24,48.3600718286666
"25972",-1.73166891891891,8.89992905405405,-11.6168021368749,5.37845111354855e-26,1.74724960480417e-24,48.2954265860192
"33633",-1.09341216216217,6.82477364864865,-11.615594413942,5.43107259936498e-26,1.7566013632894e-24,48.2858015549939
"21317",-1.07714864864865,7.72976351351351,-11.6152815374475,5.44478832143998e-26,1.7566013632894e-24,48.2833081251666
"25306",-1.49613513513513,6.52947972972973,-11.5779029463721,7.35812761550615e-26,2.34957822425514e-24,47.9856051657548
"57435",-1.38441891891892,6.51540540540541,-11.5754771787661,7.50325417404063e-26,2.38777027388858e-24,47.9662975116733
"25455",-1.11532432432433,4.62710135135135,-11.5348526069563,1.04041625548439e-25,3.22322333983839e-24,47.6431773031091
"12402",-1.18475675675677,10.4650810810811,-11.526742189983,1.11051878612822e-25,3.40656188951331e-24,47.5787200941975
"60114",-1.59103378378378,6.82005067567568,-11.4920045268439,1.46802763828229e-25,4.43060212379647e-24,47.3028393097164
"7816",-2.0998918918919,10.9677432432432,-11.4818911106952,1.59219719171683e-25,4.77455029669958e-24,47.2225800332026
"51925",-1.07872972972973,13.0223445945946,-11.4678818375492,1.78165686121923e-25,5.27505746631872e-24,47.1114483155481
"32546",-1.52150675675676,6.42975337837838,-11.4577011802232,1.93327310327244e-25,5.68795696673489e-24,47.0307206773433
"52242",-1.6245472972973,8.23821959459459,-11.4495464239449,2.06393322432998e-25,6.05334145668692e-24,46.9660773643011
"22509",-1.59079729729729,8.25362162162162,-11.4352534488103,2.31450813860596e-25,6.74596203887769e-24,46.8528188283613
"40392",-1.39742567567568,8.74980743243243,-11.4144706486311,2.73385346648789e-25,7.87013324075714e-24,46.6882321905533
"27908",-1.3326418918919,9.65761148648649,-11.4013603703546,3.03646724778018e-25,8.66133767385101e-24,46.5844668813131
"40730",-1.23689864864865,7.64506418918919,-11.3876820808687,3.38778738598853e-25,9.60489054039658e-24,46.476255384118
"30408",-1.04375,11.7968344594595,-11.3801042262419,3.59955185439395e-25,1.01437973342499e-23,46.4163273897455
"15640",-1.40444594594595,10.1784797297297,-11.3596054095932,4.2407853770963e-25,1.17642037152189e-23,46.25429472402
"4205",-1.45939864864865,11.7038412162162,-11.3290031413839,5.41557698938027e-25,1.49463534845551e-23,46.0126130798109
"32994",-1.40010810810811,5.90425,-11.326379156755,5.53026035819606e-25,1.52179752680242e-23,45.9919021044078
"15494",-1.45005405405406,11.8326283783784,-11.3254536352961,5.57128528917308e-25,1.52412120366969e-23,45.9845974632639
"26342",-1.2009527027027,10.6721722972973,-11.2979449868459,6.93925032317647e-25,1.8709978681164e-23,45.7675944500447
"50500",-1.03162162162163,9.14442567567568,-11.2882136840391,7.4993583905995e-25,2.00468563149854e-23,45.6908788436408
"42285",-1.24570945945946,6.02201689189189,-11.2570669976927,9.61275529356196e-25,2.54778862681489e-23,45.4455146714501
"25331",-1.57285135135135,9.28194594594595,-11.2443421831926,1.06381315568589e-24,2.80367208016823e-23,45.3453504406623
"38210",-1.34087162162162,12.5643885135135,-11.2329402498844,1.16490423332417e-24,3.04436983435222e-23,45.2556379687996
"30970",-1.29414189189189,8.01751013513513,-11.1997730083055,1.51664738183337e-24,3.90902283868677e-23,44.9948805520584
"11636",-1.16074324324324,7.41258108108108,-11.1844797479669,1.71268958403037e-24,4.39011609539402e-23,44.8747515236013
"42236",-1.17618243243244,5.27271283783784,-11.1766640948055,1.82241872556398e-24,4.62074514806953e-23,44.8133850319832
"26480",-1.76252027027027,12.422097972973,-11.1167803997547,2.93116851093539e-24,7.29362036923177e-23,44.3437744769792
"28304",-1.21526351351351,5.10277364864865,-11.1027732387676,3.27531797589566e-24,8.10684523346026e-23,44.2340789368733
"43424",-1.34647297297297,6.63092567567568,-11.0776328532127,3.99692125844589e-24,9.76375856240724e-23,44.0373377856483
"32689",-1.14745945945946,11.9136621621622,-11.0696478459557,4.25769054510645e-24,1.03736856093792e-22,43.9748880808175
"23817",-1.20162837837838,11.2137195945946,-11.0565920251326,4.72102553049028e-24,1.14429831251987e-22,43.8728204120308
"15651",-2.10508108108108,11.0289459459459,-11.0203978174728,6.28484266010788e-24,1.51012191559346e-22,43.5901237833603
"17543",-1.21385810810811,10.2855641891892,-10.9977981156575,7.51272157040568e-24,1.78398535565268e-22,43.4138041691935
"22010",-2.4024527027027,10.0501925675676,-10.9886116415946,8.07760512144715e-24,1.90843619990554e-22,43.3421760266045
"7324",-1.11437837837838,10.8072297297297,-10.9575820852489,1.03169734904408e-23,2.41918806958806e-22,43.1004208967306
"15157",-1.30917567567568,7.71439189189189,-10.9337737567894,1.24453486102969e-23,2.8609012677626e-22,42.9151232255877
"23319",-1.55191891891892,7.92752027027027,-10.9247985435993,1.3356563626043e-23,3.04790266549409e-22,42.8453144859779
"34271",-1.19793243243244,9.37114864864865,-10.9224081621848,1.36102490621118e-23,3.09071578216307e-22,42.8267263333024
"27130",-1.8351554054054,5.3231722972973,-10.9198204695263,1.38902821602754e-23,3.14667021529144e-22,42.8066057937009
"7801",-1.29812837837838,8.1801722972973,-10.8707983755519,2.0422512041472e-23,4.52779674549791e-22,42.4258203886843
"58110",-2.32625,8.3534222972973,-10.8694098420093,2.06464831796027e-23,4.56663112596603e-22,42.4150454616361
"33935",-1.06091891891892,10.0648175675676,-10.8495004274147,2.41400652760855e-23,5.26467251102695e-22,42.2606148192819
"54490",-1.10154054054054,8.77458783783784,-10.8432811195619,2.53475501737622e-23,5.50235915140881e-22,42.2123987293314
"33179",-1.48762837837837,10.9358682432432,-10.8335674964565,2.73547770298468e-23,5.91065343859691e-22,42.1371163187667
"10571",-1.69958108108108,9.04617567567568,-10.8051575472752,3.41792616617631e-23,7.28430915962312e-22,41.9171014464595
"7802",-1.4982972972973,14.1087837837838,-10.7298275674551,6.16202286144569e-23,1.29264318142793e-21,41.3349438772986
"54401",-1.1887027027027,7.59158108108108,-10.7250570941786,6.39597880784551e-23,1.33871985964659e-21,41.2981373087276
"41678",-1.17377702702703,7.8565777027027,-10.7076097062688,7.32943669990108e-23,1.51712853460784e-21,41.163583491735
"49796",-1.14879729729731,9.65680405405405,-10.6942717991503,8.13338219088202e-23,1.6724378852284e-21,41.0607871388197
"35936",-2.02872297297297,6.83114527027027,-10.6920446480509,8.27592168138687e-23,1.69801586076876e-21,41.0436278235448
"39105",-1.1406081081081,8.22227027027027,-10.6840047337966,8.81147360582629e-23,1.79608163520938e-21,40.9816966482537
"28139",-1.30602702702703,8.09294594594595,-10.6595295772979,1.06633707898056e-22,2.16413225833885e-21,40.7932927092692
"35731",-1.82087837837839,7.00826351351351,-10.6509154249575,1.1403364901898e-22,2.30431710631011e-21,40.7270287551779
"48953",-1.52361486486486,8.40080743243243,-10.6451500349418,1.19269532902325e-22,2.3997543007186e-21,40.6826921117465
"51539",-1.33033108108108,10.5441385135135,-10.631452258329,1.32688156456716e-22,2.652629042327e-21,40.5773973201841
"28020",-1.13571621621621,8.26001351351351,-10.6297804609245,1.3442547203566e-22,2.68163052529985e-21,40.5645503661618
"36720",-1.13102702702703,14.3916554054054,-10.5866821595901,1.87926290499058e-22,3.67064378686679e-21,40.2336737993512
"27255",-1.79533783783784,6.21693918918919,-10.5690300044414,2.15530674916235e-22,4.16633263329813e-21,40.0983285063469
"21740",-1.04717567567568,10.5083513513514,-10.5648663097976,2.22608814925172e-22,4.2931294553028e-21,40.0664188666925
"29345",-1.10525,7.642625,-10.5646355488933,2.23007793424237e-22,4.2931294553028e-21,40.064650532216
"20106",-1.04554054054054,10.4080878378378,-10.5602344426318,2.30754774536992e-22,4.42406080034445e-21,40.0309279399167
"18465",-1.10514864864864,7.54376351351351,-10.5333526561353,2.84234440055274e-22,5.39411241614025e-21,39.8250899858073
"28156",-1.12866891891891,8.24929391891892,-10.4845748320053,4.14646686603518e-22,7.72795697183767e-21,39.45220135093
"37445",-1.02299324324324,9.29676689189189,-10.4819803700982,4.23050164294954e-22,7.86890126668706e-21,39.4323898166267
"7166",-1.32602702702703,7.41136486486486,-10.4638167899364,4.86820113123933e-22,8.98360745244086e-21,39.2937542123674
"22400",-1.60966891891892,6.64469256756757,-10.443103567912,5.71277154019531e-22,1.04188480565433e-20,39.1357932508653
"19955",-1.2119527027027,8.57185472972973,-10.4294161679538,6.34928247905172e-22,1.15571764346319e-20,39.0314911445005
"15899",-1.06406081081081,6.95909797297297,-10.425099864509,6.56427171957153e-22,1.19021950016107e-20,38.9986127343782
"61752",-1.93283783783784,7.30933108108108,-10.4205512582,6.79866867962874e-22,1.22559429993461e-20,38.963971632104
"8677",-1.03009459459459,10.0484391891892,-10.4125836170699,7.22948540229832e-22,1.29825461466225e-20,38.9033088607839
"31705",-1.91091216216217,7.74747635135135,-10.4095606672931,7.39995014437434e-22,1.32632056610664e-20,38.8802988336986
"25468",-1.32480405405405,8.81623986486487,-10.39051668239,8.56961268151887e-22,1.51850939864187e-20,38.7354116097624
"26765",-1.11649999999999,12.3691554054054,-10.3848200680134,8.95396071655796e-22,1.58361543410428e-20,38.69209558171
"55411",-1.13835135135135,7.4812027027027,-10.3804100349121,9.26323291527214e-22,1.63214326092818e-20,38.6585700879558
"18306",-1.42843243243243,8.55492567567568,-10.3763902424475,9.55438038190135e-22,1.68027787317799e-20,38.6280170266336
"28770",-1.0059054054054,5.84078378378378,-10.373018773496,9.80557399836972e-22,1.71478411829434e-20,38.6023959079179
"52505",-1.10814864864865,6.34508108108108,-10.3527356103062,1.14615303886658e-21,1.98581626511772e-20,38.4483383232513
"58589",-1.28923648648649,6.46040202702703,-10.3262480482202,1.4049191528916e-21,2.41625433721577e-20,38.2473690745811
"20482",-1.08825,5.84254391891892,-10.3147959628333,1.53406400561532e-21,2.62389448565574e-20,38.1605535626761
"60068",-1.41111486486486,11.6578885135135,-10.2906162277162,1.84679208487497e-21,3.1188784740235e-20,37.9774021051792
"40597",-2.2621418918919,9.90723310810811,-10.2837021399836,1.94734090171566e-21,3.27685638065679e-20,37.9250681303441
"18278",-2.30027027027027,8.21037162162162,-10.281543316701,1.97983698413118e-21,3.31365918131151e-20,37.9087310209283
"42449",-1.5201081081081,7.89154054054054,-10.2768324581119,2.05263180194985e-21,3.42324833138018e-20,37.8730867751192
"55889",-1.25544594594594,7.33235810810811,-10.2556850494956,2.41360551131012e-21,3.97565020489745e-20,37.713172556017
"35486",-1.0099527027027,5.78610472972973,-10.2026953103711,3.6196213587529e-21,5.87937108202989e-20,37.3131606784184
"6502",-1.17606756756756,10.2121689189189,-10.1996083557475,3.70597867643588e-21,5.99881254268755e-20,37.2898882866741
"9004",-1.50509459459459,7.88169594594595,-10.1934356141992,3.88485008392672e-21,6.2774883221448e-20,37.2433624482433
"55024",-1.00035810810811,5.96701013513514,-10.1918170644317,3.93315521183081e-21,6.32278353297062e-20,37.2311651835498
"50981",-1.43771621621621,8.08489189189189,-10.1241226971096,6.58940503001119e-21,1.03963698922065e-19,36.7218632763981
"36951",-1.71368243243243,10.1342331081081,-10.1139162223435,7.1215463575115e-21,1.11420046355983e-19,36.6452170722515
"6386",-1.28904054054054,8.06279054054054,-10.1124895661489,7.19925449651251e-21,1.12447788095778e-19,36.6345064974979
"16834",-1.706,10.1013783783784,-10.1079024692442,7.45486386915465e-21,1.16153298469866e-19,36.6000740015041
"55046",-1.29565540540541,9.86360472972973,-10.0997275514857,7.93295924950445e-21,1.23085848654003e-19,36.5387288242162
"49088",-1.29953378378379,9.10379391891892,-10.0756885092723,9.52265231261264e-21,1.46055631207875e-19,36.3584785100333
"43928",-1.15373648648648,13.0880574324324,-10.0484599840901,1.17083779433806e-20,1.78119648842714e-19,36.1545668477368
"28075",-1.32716216216216,10.1863175675676,-10.0457566862921,1.1950879310661e-20,1.81513679919716e-19,36.1343369100748
"12286",-1.17053378378378,7.82598310810811,-10.0378054939451,1.26934581149432e-20,1.92479731156253e-19,36.0748502450904
"39393",-1.1426418918919,9.8243277027027,-10.0157253961915,1.50047568250124e-20,2.25698560859833e-19,35.9097802455027
"34677",-1.40918243243244,6.86530743243243,-9.96072781986343,2.27431623341677e-20,3.32476604372614e-19,35.4994032391041
"25517",-1.16106081081081,8.04765878378378,-9.9564005700423,2.34986000551195e-20,3.41917421641832e-19,35.4671621448305
"1907",-1.08082432432433,8.00225,-9.95327534032044,2.40596482077664e-20,3.48995455243198e-19,35.4438813000232
"29958",-2.31766216216216,10.1380405405405,-9.88523696490885,4.01784064520597e-20,5.71290533078223e-19,34.9379490105574
"42908",-1.74639864864865,7.74638851351351,-9.81657571548958,6.72942521277207e-20,9.34132081464325e-19,34.4291608717492
"55867",-1.81591216216215,10.816875,-9.77890519297843,8.92358111307523e-20,1.21526964911109e-18,34.1507844696204
"14674",-1.30622972972974,7.3817027027027,-9.76823185982377,9.66545923022786e-20,1.30679243580942e-18,34.0720105538246
"39927",-1.24923648648649,7.72957094594595,-9.76142018981727,1.01706192009737e-19,1.37112843291513e-18,34.0217604772634
"21723",-1.70737162162163,7.6951722972973,-9.74468527108776,1.15258057064989e-19,1.54713684634152e-18,33.8983824926706
"58755",-1.36945945945945,12.5245135135135,-9.74313587493926,1.16599988042115e-19,1.56067165682694e-18,33.886965094592
"9587",-1.01975,7.63670608108108,-9.69647375359678,1.65162920759422e-19,2.16727108923584e-18,33.5435541104061
"30943",-1.08194594594595,10.43775,-9.67859603043672,1.8869093188215e-19,2.46563178587904e-18,33.4122087776246
"36798",-1.2479054054054,7.59860810810811,-9.67698321092218,1.90970474938323e-19,2.4884676372186e-18,33.4003657891291
"36710",-1.03935810810811,10.1253006756757,-9.64942917824379,2.34421309139379e-19,3.03353494925039e-18,33.1981943066287
"35573",-1.37560135135135,9.52584121621622,-9.63947428928393,2.5242432508407e-19,3.23518080203638e-18,33.1252264905269
"17824",-1.40734459459459,7.68658445945946,-9.61784536246897,2.96408713528393e-19,3.78335596694631e-18,32.966825533064
"55152",-1.33603378378379,10.292847972973,-9.61301245716656,3.07232871237636e-19,3.90023167340478e-18,32.9314568914077
"20568",-1.55972972972974,8.51875,-9.58153101952489,3.88004412617932e-19,4.85966437008484e-18,32.7012949582418
"30742",-1.10233108108108,12.1984763513514,-9.57731570065948,4.003104936701e-19,5.00709221761692e-18,32.6705067779826
"17369",-1.19325,5.81221283783784,-9.57077350269794,4.2018120678781e-19,5.24861865247897e-18,32.6227375023585
"7998",-1.19691891891891,12.6875067567568,-9.56287635757155,4.45475676010994e-19,5.54238088398784e-18,32.5650977384726
"28310",-1.06812162162162,9.59177702702703,-9.53684834435057,5.40034789040092e-19,6.67445903072536e-18,32.375302402882
"18845",-1.15977027027027,7.09820945945946,-9.50312990917019,6.92701254919584e-19,8.50513509321211e-18,32.1298370998507
"24983",-1.31728378378379,9.31868918918919,-9.48948293029752,7.66039946722594e-19,9.3687186163877e-18,32.0306207065102
"10405",-1.18598648648649,12.8133175675676,-9.46870182724416,8.92775172876005e-19,1.08477980745817e-17,31.8796840607253
"40988",-1.13136486486487,7.33774324324324,-9.42064244584508,1.2712239223653e-18,1.51510458823564e-17,31.5313008826213
"15634",-1.0630472972973,5.72245608108108,-9.41523459659823,1.32271675706685e-18,1.57047436283216e-17,31.4921590277518
"40867",-1.13226351351351,9.38866554054054,-9.39160595262709,1.57309276561662e-18,1.84203453255433e-17,31.3212780036758
"17989",-1.02786486486486,11.3745945945946,-9.34784343411035,2.16736562409575e-18,2.51274755626268e-17,31.0054049003184
"14970",-1.17828378378379,12.6954324324324,-9.34511359267654,2.21107042157688e-18,2.55707971128223e-17,30.9857277827394
"22229",-1.45672972972973,6.41393918918919,-9.3373733354074,2.33980447243048e-18,2.69928614599995e-17,30.9299518467769
"18463",-1.29030405405405,9.5645304054054,-9.32910539337278,2.48553692258874e-18,2.85684071839561e-17,30.8704012856876
"41506",-1.26227702702702,7.60908445945946,-9.30261228483066,3.0159275303949e-18,3.42439538523965e-17,30.6797766743467
"21700",-1.03047297297297,6.0790472972973,-9.3006930895189,3.05844808810974e-18,3.46426638164101e-17,30.6659791084043
"38789",-1.20545945945945,9.40822972972973,-9.27353304501195,3.72799793561562e-18,4.20230707055659e-17,30.4708864534356
"34162",-1.21514189189189,9.03476689189189,-9.26731219609393,3.90075647498525e-18,4.3917542214154e-17,30.4262457795629
"36801",-1.04182432432432,8.38149324324324,-9.24082408922617,4.72974449101512e-18,5.26803445927827e-17,30.2363526199534
"41067",-1.13950000000001,4.96855405405405,-9.22611377861017,5.26331691040637e-18,5.8484077213494e-17,30.1310241681341
"55685",-1.00524324324324,6.75460810810811,-9.2115858976527,5.84880091740666e-18,6.49126706800198e-17,30.0270931784297
"43456",-1.01972297297298,10.0188885135135,-9.11185292054287,1.20359815677044e-17,1.29733460308113e-16,29.3160805882282
"21373",-1.02919594594594,9.57570608108108,-9.06632503800234,1.67085813360263e-17,1.76638968338827e-16,28.9929506854079
"18768",-1.02313513513513,8.99062837837838,-8.91819886892109,4.8274300744328e-17,4.90395611035757e-16,27.9480220767557
"35728",-1.53822297297298,6.77866554054054,-8.90394013954465,5.34378328359023e-17,5.40502015148867e-16,27.847958181577
"50254",-1.00641891891892,6.30525675675676,-8.76025281242361,1.48036503719568e-16,1.44123780312204e-15,26.8448061177701
"50143",-1.05738513513514,7.77901689189189,-8.67546591140488,2.68890189275146e-16,2.55664289721369e-15,26.2573747049548
"20204",-1.35145945945946,6.91652027027027,-8.61525502041935,4.09987811464814e-16,3.79786729115327e-15,25.8422796685993
"51654",-1.05321621621622,10.2985337837838,-8.56106798352494,5.9842366487827e-16,5.47297341994242e-15,25.4701967379055
"29218",-1.53492567567568,11.8202263513514,-8.51130205418555,8.45893539671682e-16,7.63916984282651e-15,25.12972165471
"37951",-1.10387837837838,8.0605,-8.36921178692342,2.25752629008388e-15,1.97396410934811e-14,24.1642839764254
"32690",-1.15225675675676,8.44459459459459,-8.34624580883693,2.64325684150795e-15,2.29835604174242e-14,24.0091804161666
"21737",-1.92772972972974,11.6851959459459,-8.21215607696428,6.60497730649251e-15,5.48811435875168e-14,23.1088959844968
"27997",-1.09712162162162,6.09507432432432,-8.16317683729494,9.20835901657801e-15,7.54408116979894e-14,22.7823323225903
"15655",-1.00775675675676,9.49702027027027,-8.12009622506637,1.23219560518599e-14,9.96406402949017e-14,22.496120259773
"57768",-1.15418243243243,6.99190878378378,-8.08047259671562,1.60940473451372e-14,1.28917728562589e-13,22.2337265558204
"28470",-1.49674324324325,9.98236486486486,-8.0605458204099,1.84019205777459e-14,1.46401674256285e-13,22.1020784001166
"52184",-1.38316891891893,7.92665878378378,-8.04093687564492,2.09916484460811e-14,1.65876573362782e-13,21.9727334050059
"52065",-1.01322972972973,10.6830675675676,-7.89581698378278,5.52788710845227e-14,4.18099529399187e-13,21.0218227654577
"40541",-1.03988513513513,7.27681418918919,-7.8417974706637,7.90440974579532e-14,5.85539648310855e-13,20.670737758965
"30064",-1.06635135135135,10.4604459459459,-7.83664541685006,8.17799837376313e-14,6.03893865705824e-13,20.6373359563857
"40333",-1.02781756756757,11.1484628378378,-7.63672713429658,3.02903912421916e-13,2.11382819550029e-12,19.3524766241579
"7814",-1.14742567567567,6.43223986486487,-7.61898296616788,3.39878268808996e-13,2.34852369496083e-12,19.2395082297769
"40650",-1.02268243243243,10.3602398648649,-7.42032100014426,1.21946572512716e-12,7.95074656744925e-12,17.9869092133826
"16347",-1.11069594594596,11.7037331081081,-7.2117689473992,4.5524355176375e-12,2.81324879148061e-11,16.6965274023803
"51408",-1.10052027027027,11.1593141891892,-7.08902624693943,9.76866013200483e-12,5.80658095267073e-11,15.9491479385827
"34746",-1.11580405405405,13.4752533783784,-7.04229860454432,1.3033459478437e-11,7.6548052027782e-11,15.6670165390615
"57506",-1.1739054054054,10.5758986486486,-6.71830709433052,9.28217667393545e-11,4.97103863545164e-10,13.7479546973305
"50329",-1.09787162162162,8.49963851351351,-6.24818374844253,1.4265816433513e-09,6.74436475755167e-09,11.0831429447967
