"ID","Description","GeneRatio","BgRatio","RichFactor","FoldEnrichment","zScore","pvalue","p.adjust","qvalue","geneID","Count"
"GO:0007088","regulation of mitotic nuclear division","17/435","119/18860",0.142857142857143,6.19376026272578,8.73291453850151,2.04648312665723e-09,8.74052943395302e-06,7.21439156965796e-06,"DUSP1/SPC25/ESPL1/CCNB1/DLGAP5/AURKA/MAD2L1/CAV2/MKI67/BUB1B/NEK2/AURKB/CHEK1/SKA3/NUF2/CENPF/PKMYT1",17
"GO:0140014","mitotic nuclear division","24/435","281/18860",0.0854092526690391,3.7030310467542,7.01444375251279,4.05073806313901e-08,7.43162525355486e-05,6.13402826261697e-05,"DUSP1/SPC25/ESPL1/CDC14B/KIF14/CCNB1/DLGAP5/AURKA/MYBL2/MAD2L1/CAV2/KIF2C/MKI67/BUB1B/NEK2/AURKB/CHEK1/SKA3/NUF2/CENPF/CDC14C/TPX2/KIF23/PKMYT1",24
"GO:0051783","regulation of nuclear division","17/435","147/18860",0.115646258503401,5.01399640315897,7.50696079953259,5.220059883087e-08,7.43162525355486e-05,6.13402826261697e-05,"DUSP1/SPC25/ESPL1/CCNB1/DLGAP5/AURKA/MAD2L1/CAV2/MKI67/BUB1B/NEK2/AURKB/CHEK1/SKA3/NUF2/CENPF/PKMYT1",17
"GO:0010965","regulation of mitotic sister chromatid separation","11/435","61/18860",0.180327868852459,7.81835311852271,8.19553375509243,1.28336650681964e-07,0.000137031458765667,0.000113105116614183,"DUSP1/SPC25/ESPL1/CCNB1/DLGAP5/MAD2L1/BUB1B/AURKB/SKA3/NUF2/CENPF",11
"GO:0051306","mitotic sister chromatid separation","11/435","64/18860",0.171875,7.45186781609195,7.94406776955174,2.14496900564963e-07,0.000183223252462591,0.000151231604208855,"DUSP1/SPC25/ESPL1/CCNB1/DLGAP5/MAD2L1/BUB1B/AURKB/SKA3/NUF2/CENPF",11
"GO:0031589","cell-substrate adhesion","26/435","369/18860",0.0704607046070461,3.05491698595147,6.12530158257522,5.03547931039843e-07,0.000358442202245195,0.00029585649492148,"TNXB/LIMS2/FREM1/EDA/KIF14/FERMT2/COL1A1/SKAP1/VWA2/LYPD3/APOD/FBLN5/MDK/HOXA7/FAM107A/TNFRSF12A/KANK1/EPHA1/DLC1/TACSTD2/CD34/ITGB1BP1/TTYH1/TYRO3/POSTN/VIT",26
"GO:0045839","negative regulation of mitotic nuclear division","10/435","57/18860",0.175438596491228,7.60637225247026,7.67515414993623,6.29744226451571e-07,0.000366939545801221,0.00030287016202006,"DUSP1/SPC25/CCNB1/MAD2L1/BUB1B/AURKB/CHEK1/SKA3/NUF2/CENPF",10
"GO:0030198","extracellular matrix organization","24/435","331/18860",0.0725075528700906,3.14366079799979,6.04566784046802,8.35386474778615e-07,0.000366939545801221,0.00030287016202006,"NOXO1/TNXB/MATN3/SMOC1/MMP3/TGFBR3/COL1A1/MMP7/RUNX1/FBLN5/CAV2/MMP13/HPSE2/ELF3/LAMA2/PPARG/VWA1/ANTXR2/CTSG/LRP1/FMOD/POSTN/MFAP4/VIT",24
"GO:0043062","extracellular structure organization","24/435","332/18860",0.072289156626506,3.13419194017449,6.02821116130491,8.81588745046902e-07,0.000366939545801221,0.00030287016202006,"NOXO1/TNXB/MATN3/SMOC1/MMP3/TGFBR3/COL1A1/MMP7/RUNX1/FBLN5/CAV2/MMP13/HPSE2/ELF3/LAMA2/PPARG/VWA1/ANTXR2/CTSG/LRP1/FMOD/POSTN/MFAP4/VIT",24
"GO:0045229","external encapsulating structure organization","24/435","333/18860",0.0720720720720721,3.12477995236616,6.01082019033736,9.30128844612741e-07,0.000366939545801221,0.00030287016202006,"NOXO1/TNXB/MATN3/SMOC1/MMP3/TGFBR3/COL1A1/MMP7/RUNX1/FBLN5/CAV2/MMP13/HPSE2/ELF3/LAMA2/PPARG/VWA1/ANTXR2/CTSG/LRP1/FMOD/POSTN/MFAP4/VIT",24
"GO:0051896","regulation of phosphatidylinositol 3-kinase/protein kinase B signal transduction","23/435","311/18860",0.0739549839228296,3.20641608456222,6.02847645670758,1.00804684537462e-06,0.000366939545801221,0.00030287016202006,"PRR5/MMP3/NTRK3/ERBB3/FERMT2/MST1R/PHLDA3/CEP55/IL33/CCL19/RAPGEF3/EPHA8/NTRK2/SERPINE2/RET/ADRA2A/XBP1/EGFR/ITGB1BP1/TREM2/TYRO3/VAV3/TMEM100",23
"GO:0007094","mitotic spindle assembly checkpoint signaling","9/435","48/18860",0.1875,8.12931034482759,7.59890236428994,1.28482868115138e-06,0.000366939545801221,0.00030287016202006,"DUSP1/SPC25/CCNB1/MAD2L1/BUB1B/AURKB/SKA3/NUF2/CENPF",9
"GO:0071173","spindle assembly checkpoint signaling","9/435","48/18860",0.1875,8.12931034482759,7.59890236428994,1.28482868115138e-06,0.000366939545801221,0.00030287016202006,"DUSP1/SPC25/CCNB1/MAD2L1/BUB1B/AURKB/SKA3/NUF2/CENPF",9
"GO:0071174","mitotic spindle checkpoint signaling","9/435","48/18860",0.1875,8.12931034482759,7.59890236428994,1.28482868115138e-06,0.000366939545801221,0.00030287016202006,"DUSP1/SPC25/CCNB1/MAD2L1/BUB1B/AURKB/SKA3/NUF2/CENPF",9
"GO:1905818","regulation of chromosome separation","11/435","76/18860",0.144736842105263,6.27525710828796,7.08038051404485,1.28871299157535e-06,0.000366939545801221,0.00030287016202006,"DUSP1/SPC25/ESPL1/CCNB1/DLGAP5/MAD2L1/BUB1B/AURKB/SKA3/NUF2/CENPF",11
"GO:0031577","spindle checkpoint signaling","9/435","49/18860",0.183673469387755,7.963406052076,7.49918434194037,1.54212315504366e-06,0.000371347655135955,0.000306508594573023,"DUSP1/SPC25/CCNB1/MAD2L1/BUB1B/AURKB/SKA3/NUF2/CENPF",9
"GO:0010639","negative regulation of organelle organization","25/435","367/18860",0.0681198910081744,2.95342791819349,5.80666736365371,1.54769178493045e-06,0.000371347655135955,0.000306508594573023,"DUSP1/SPC25/SPTBN1/ESPL1/GAS2L2/CCNB1/MET/MAD2L1/INPP5J/BUB1B/KANK1/DIAPH3/AURKB/CHEK1/CLSTN3/SKA3/YAP1/NUF2/PPARG/CENPF/DLC1/TPX2/TACSTD2/IER3/S1PR1",25
"GO:0033046","negative regulation of sister chromatid segregation","9/435","50/18860",0.18,7.80413793103448,7.40225298435272,1.8426577231972e-06,0.000371347655135955,0.000306508594573023,"DUSP1/SPC25/CCNB1/MAD2L1/BUB1B/AURKB/SKA3/NUF2/CENPF",9
"GO:0033048","negative regulation of mitotic sister chromatid segregation","9/435","50/18860",0.18,7.80413793103448,7.40225298435272,1.8426577231972e-06,0.000371347655135955,0.000306508594573023,"DUSP1/SPC25/CCNB1/MAD2L1/BUB1B/AURKB/SKA3/NUF2/CENPF",9
"GO:0045841","negative regulation of mitotic metaphase/anaphase transition","9/435","50/18860",0.18,7.80413793103448,7.40225298435272,1.8426577231972e-06,0.000371347655135955,0.000306508594573023,"DUSP1/SPC25/CCNB1/MAD2L1/BUB1B/AURKB/SKA3/NUF2/CENPF",9
"GO:2000816","negative regulation of mitotic sister chromatid separation","9/435","50/18860",0.18,7.80413793103448,7.40225298435272,1.8426577231972e-06,0.000371347655135955,0.000306508594573023,"DUSP1/SPC25/CCNB1/MAD2L1/BUB1B/AURKB/SKA3/NUF2/CENPF",9
"GO:0051784","negative regulation of nuclear division","10/435","64/18860",0.15625,6.77442528735632,7.10994507645662,1.91281864036315e-06,0.000371347655135955,0.000306508594573023,"DUSP1/SPC25/CCNB1/MAD2L1/BUB1B/AURKB/CHEK1/SKA3/NUF2/CENPF",10
"GO:0000070","mitotic sister chromatid segregation","17/435","192/18860",0.0885416666666667,3.83884099616858,6.07495404560068,2.38975615924436e-06,0.000410913464075204,0.0003391660257521,"DUSP1/SPC25/ESPL1/KIF14/CCNB1/DLGAP5/MYBL2/MAD2L1/KIF2C/BUB1B/NEK2/AURKB/SKA3/NUF2/CENPF/TPX2/KIF23",17
"GO:0051384","response to glucocorticoid","14/435","133/18860",0.105263157894737,4.56382335148215,6.33735586334999,2.46616836099311e-06,0.000410913464075204,0.0003391660257521,"DUSP1/CEBPA/GHR/AVPR1A/IL1RN/FOSB/S100B/NTRK3/MDK/FAM107A/AQP1/SLIT3/NR3C1/BMP6",14
"GO:1901991","negative regulation of mitotic cell cycle phase transition","17/435","193/18860",0.0880829015544041,3.81895062831279,6.04824076302071,2.56598284135342e-06,0.000410913464075204,0.0003391660257521,"DUSP1/E2F7/SPC25/CDC14B/CCNB1/MAD2L1/FAM107A/BUB1B/AURKB/CHEK1/BLM/SKA3/NUF2/CENPF/EZH2/IER3/PKMYT1",17
"GO:1902100","negative regulation of metaphase/anaphase transition of cell cycle","9/435","52/18860",0.173076923076923,7.50397877984085,7.21621875130649,2.59767350269972e-06,0.000410913464075204,0.0003391660257521,"DUSP1/SPC25/CCNB1/MAD2L1/BUB1B/AURKB/SKA3/NUF2/CENPF",9
"GO:1905819","negative regulation of chromosome separation","9/435","52/18860",0.173076923076923,7.50397877984085,7.21621875130649,2.59767350269972e-06,0.000410913464075204,0.0003391660257521,"DUSP1/SPC25/CCNB1/MAD2L1/BUB1B/AURKB/SKA3/NUF2/CENPF",9
"GO:0031960","response to corticosteroid","15/435","154/18860",0.0974025974025974,4.2230183609494,6.17067801370473,2.88611669839666e-06,0.000416335534046163,0.000343641376608609,"DUSP1/CEBPA/GHR/AVPR1A/IL1RN/FOSB/S100B/NTRK3/MDK/FAM107A/SCNN1A/AQP1/SLIT3/NR3C1/BMP6",15
"GO:0051985","negative regulation of chromosome segregation","9/435","53/18860",0.169811320754717,7.36239427456083,7.1268720453477,3.06586074624829e-06,0.000416335534046163,0.000343641376608609,"DUSP1/SPC25/CCNB1/MAD2L1/BUB1B/AURKB/SKA3/NUF2/CENPF",9
"GO:0051897","positive regulation of phosphatidylinositol 3-kinase/protein kinase B signal transduction","18/435","217/18860",0.0829493087557604,3.596376926744,5.91071363054848,3.08339682633414e-06,0.000416335534046163,0.000343641376608609,"PRR5/NTRK3/ERBB3/FERMT2/MST1R/IL33/CCL19/EPHA8/NTRK2/RET/ADRA2A/XBP1/EGFR/ITGB1BP1/TREM2/TYRO3/VAV3/TMEM100",18
"GO:0051304","chromosome separation","11/435","83/18860",0.132530120481928,5.74601855698657,6.65818082210661,3.14286503440632e-06,0.000416335534046163,0.000343641376608609,"DUSP1/SPC25/ESPL1/CCNB1/DLGAP5/MAD2L1/BUB1B/AURKB/SKA3/NUF2/CENPF",11
"GO:1901990","regulation of mitotic cell cycle phase transition","24/435","357/18860",0.0672268907563025,2.91471071187095,5.61198383075471,3.1499186640172e-06,0.000416335534046163,0.000343641376608609,"DUSP1/E2F7/SPC25/ESPL1/CDC14B/KIF14/CCNB1/DLGAP5/AURKA/MAD2L1/FAM107A/BUB1B/AURKB/CHEK1/BLM/SKA3/NUF2/CENPF/CDC14C/RRM2/EGFR/EZH2/IER3/PKMYT1",24
"GO:0007093","mitotic cell cycle checkpoint signaling","14/435","136/18860",0.102941176470588,4.4631507775524,6.22790169183775,3.21682805514479e-06,0.000416335534046163,0.000343641376608609,"DUSP1/SPC25/CDC14B/CCNB1/MAD2L1/BUB1B/AURKB/CHEK1/BLM/SKA3/NUF2/CENPF/EME1/IER3",14
"GO:0009410","response to xenobiotic stimulus","27/435","443/18860",0.0609480812641084,2.64248462676111,5.37519151953841,4.86507928091891e-06,0.000611139812023667,0.000504431904390014,"CEBPA/SLC6A2/EPHX1/AOX1/ABCC6/CYP3A5/FOSB/KCNJ8/CCNB1/LRP8/COL1A1/WNK4/MMP7/ALDH2/GLYAT/MDK/S100A12/C1orf115/NAT2/CENPF/GPLD1/AGPAT2/EMX2/TGFBR2/PTPRM/VAV3/RAD51",27
"GO:0010948","negative regulation of cell cycle process","22/435","318/18860",0.0691823899371069,2.99949396370997,5.52529638870149,5.13317141509609e-06,0.000626393574682155,0.00051702228779419,"DUSP1/E2F7/SPC25/ESPL1/CDC14B/CCNB1/TIMELESS/MAD2L1/FAM107A/BUB1B/NEK2/AURKB/CHEK1/BLM/SKA3/NUF2/CENPF/EZH2/EME1/IER3/PKMYT1/RAD51",22
"GO:0033047","regulation of mitotic sister chromatid segregation","9/435","57/18860",0.157894736842105,6.84573502722323,6.79146068961574,5.73665251073246e-06,0.000680590079814954,0.000561755826270264,"DUSP1/SPC25/CCNB1/MAD2L1/BUB1B/AURKB/SKA3/NUF2/CENPF",9
"GO:1901988","negative regulation of cell cycle phase transition","20/435","274/18860",0.072992700729927,3.1646950247504,5.54599207243873,6.23115256953771e-06,0.00071927709795934,0.000593687907692228,"DUSP1/E2F7/SPC25/CDC14B/CCNB1/TIMELESS/MAD2L1/FAM107A/BUB1B/AURKB/CHEK1/BLM/SKA3/NUF2/CENPF/EZH2/EME1/IER3/PKMYT1/RAD51",20
"GO:0003015","heart process","20/435","275/18860",0.0727272727272727,3.15318704284222,5.52671452647165,6.57938034398458e-06,0.000739487722346266,0.000610369661274359,"S100A1/TBX18/AVPR1A/FXYD1/KCNJ8/CXADR/EPAS1/SGCG/EDN2/ATP1A2/THRB/KCNIP2/ASPH/JPH2/CACNA2D1/YAP1/SCN4A/SCN3B/THRA/ADRB1",20
"GO:0000280","nuclear division","27/435","453/18860",0.0596026490066225,2.58415163279288,5.24390185253305,7.32156036123232e-06,0.000769612238307986,0.000635234293976129,"DUSP1/SPC25/ESPL1/CDC14B/KIF14/CCNB1/DLGAP5/AURKA/MYBL2/MAD2L1/CAV2/KIF2C/MKI67/BUB1B/NEK2/AURKB/CHEK1/SKA3/NUF2/CENPF/CDC14C/TPX2/EME1/ASPM/KIF23/PKMYT1/RAD51",27
"GO:0000075","cell cycle checkpoint signaling","16/435","187/18860",0.0855614973262032,3.70963181510849,5.72168899795166,7.32672634551786e-06,0.000769612238307986,0.000635234293976129,"DUSP1/SPC25/CDC14B/CCNB1/TIMELESS/MAD2L1/BUB1B/AURKB/CHEK1/BLM/SKA3/NUF2/CENPF/EME1/IER3/RAD51",16
"GO:0015800","acidic amino acid transport","10/435","74/18860",0.135135135135135,5.85896241068655,6.43490960770052,7.38798917598395e-06,0.000769612238307986,0.000635234293976129,"SLC7A11/AVPR1A/SLC1A7/KCNJ8/ATP1A2/KCNK1/SLC25A18/NTRK2/NPY5R/TTYH1",10
"GO:0007162","negative regulation of cell adhesion","22/435","326/18860",0.0674846625766871,2.9258867498766,5.38958314770357,7.62676602726559e-06,0.000775569469105984,0.000640151364042919,"DUSP1/CD9/IL1RN/PDCD1/ERBB3/COL1A1/FOXJ1/RUNX1/APOD/MDK/HOXA7/FAM107A/KANK1/ASCL2/SERPINE2/DLC1/TACSTD2/CTSG/TIGIT/ITGB1BP1/POSTN/BMP6",22
"GO:0030071","regulation of mitotic metaphase/anaphase transition","11/435","92/18860",0.119565217391304,5.18390804597701,6.18112117755832,8.6907589607223e-06,0.000857943182647367,0.000708142236795532,"DUSP1/SPC25/ESPL1/CCNB1/DLGAP5/MAD2L1/BUB1B/AURKB/SKA3/NUF2/CENPF",11
"GO:0043491","phosphatidylinositol 3-kinase/protein kinase B signal transduction","23/435","354/18860",0.0649717514124294,2.81693616468602,5.30255561034349,8.83856240610727e-06,0.000857943182647367,0.000708142236795532,"PRR5/MMP3/NTRK3/ERBB3/FERMT2/MST1R/PHLDA3/CEP55/IL33/CCL19/RAPGEF3/EPHA8/NTRK2/SERPINE2/RET/ADRA2A/XBP1/EGFR/ITGB1BP1/TREM2/TYRO3/VAV3/TMEM100",23
"GO:1990845","adaptive thermogenesis","15/435","171/18860",0.087719298245614,3.80318612623513,5.65792477114663,1.04485794397838e-05,0.000991686284162591,0.000818533158920139,"LAMA4/ACADL/NPR3/PRLR/S100B/ELOVL3/LEPR/EPAS1/NOVA1/CLSTN3/SCT/THRA/ADRB1/CKB/ALDH1A1",15
"GO:1902099","regulation of metaphase/anaphase transition of cell cycle","11/435","95/18860",0.115789473684211,5.02020568663037,6.03581614341726,1.18669660443404e-05,0.00110182199946474,0.000909438656350024,"DUSP1/SPC25/ESPL1/CCNB1/DLGAP5/MAD2L1/BUB1B/AURKB/SKA3/NUF2/CENPF",11
"GO:0007091","metaphase/anaphase transition of mitotic cell cycle","11/435","96/18860",0.114583333333333,4.96791187739464,5.98873551277876,1.31290763956262e-05,0.0011718911477462,0.000967273399253728,"DUSP1/SPC25/ESPL1/CCNB1/DLGAP5/MAD2L1/BUB1B/AURKB/SKA3/NUF2/CENPF",11
"GO:1901987","regulation of cell cycle phase transition","27/435","468/18860",0.0576923076923077,2.50132625994695,5.05340073119172,1.31703992254315e-05,0.0011718911477462,0.000967273399253728,"DUSP1/E2F7/SPC25/ESPL1/CDC14B/KIF14/CCNB1/DLGAP5/AURKA/TIMELESS/MAD2L1/FAM107A/BUB1B/AURKB/CHEK1/BLM/SKA3/NUF2/CENPF/CDC14C/RRM2/EGFR/EZH2/EME1/IER3/PKMYT1/RAD51",27
"GO:0060047","heart contraction","19/435","265/18860",0.0716981132075472,3.10856647148124,5.31144088884763,1.36592873949128e-05,0.00119058809109536,0.000982705767681268,"S100A1/TBX18/AVPR1A/FXYD1/KCNJ8/CXADR/EPAS1/SGCG/EDN2/ATP1A2/THRB/KCNIP2/ASPH/JPH2/CACNA2D1/SCN4A/SCN3B/THRA/ADRB1",19
"GO:0045930","negative regulation of mitotic cell cycle","18/435","244/18860",0.0737704918032787,3.1984171848502,5.31082570637168,1.56452517052248e-05,0.0013364174006603,0.00110307258864838,"DUSP1/E2F7/SPC25/CDC14B/CCNB1/MAD2L1/FAM107A/BUB1B/AURKB/CHEK1/BLM/SKA3/NUF2/CENPF/EZH2/EME1/IER3/PKMYT1",18
"GO:0044784","metaphase/anaphase transition of cell cycle","11/435","99/18860",0.111111111111111,4.81736909323116,5.85132160790833,1.76401011581309e-05,0.00147727200090936,0.00121933330812344,"DUSP1/SPC25/ESPL1/CCNB1/DLGAP5/MAD2L1/BUB1B/AURKB/SKA3/NUF2/CENPF",11
"GO:0008016","regulation of heart contraction","17/435","225/18860",0.0755555555555556,3.27581098339719,5.27670676046985,1.97465913307161e-05,0.00162187868410554,0.00133869097908033,"S100A1/TBX18/AVPR1A/FXYD1/KCNJ8/CXADR/EPAS1/EDN2/ATP1A2/THRB/KCNIP2/ASPH/JPH2/CACNA2D1/SCN3B/THRA/ADRB1",17
"GO:0072657","protein localization to membrane","26/435","458/18860",0.0567685589519651,2.46127591226221,4.86443787982564,2.50925140244935e-05,0.00202207787544551,0.0016690134948963,"SLC7A11/GPC3/DOK7/MRAP/SPTBN1/RHOQ/DPP6/VAMP8/TESC/FERMT2/SKAP1/ATP2C2/WNK4/CD24/KIF2C/PRKCZ/RAMP1/SCN3B/CHRDL1/LRP1/EGFR/NETO2/REEP2/PACSIN1/ITGB1BP1/TREM2",26
"GO:1903522","regulation of blood circulation","19/435","279/18860",0.0681003584229391,2.95258105714168,5.04866834511503,2.79749547548551e-05,0.00219828535538287,0.0018144543137136,"S100A1/TBX18/AVPR1A/FXYD1/KCNJ8/CXADR/EPAS1/EDN2/ATP1A2/THRB/KCNIP2/ASPH/JPH2/CACNA2D1/ADRA2A/SCN3B/THRA/ADRB1/AVPR2",19
"GO:0010812","negative regulation of cell-substrate adhesion","9/435","69/18860",0.130434782608696,5.6551724137931,5.95231053046948,2.83085213172695e-05,0.00219828535538287,0.0018144543137136,"COL1A1/APOD/HOXA7/FAM107A/KANK1/DLC1/TACSTD2/ITGB1BP1/POSTN",9
"GO:0097305","response to alcohol","19/435","280/18860",0.0678571428571429,2.94203612479475,5.03052921456101,2.93854761603377e-05,0.00224116729787147,0.00184984886580772,"CES1/GHR/AVPR1A/CD27/TGFBR3/FOSB/S100B/NTRK3/LRP8/CCL19/SCNN1A/GNG2/BLM/SLIT3/ADRA2A/GPLD1/TGFBR2/NR3C1/RAD51",19
"GO:0000819","sister chromatid segregation","17/435","233/18860",0.0729613733905579,3.16333678654235,5.1054126370438,3.08960577497711e-05,0.00231503618682934,0.00191081989665712,"DUSP1/SPC25/ESPL1/KIF14/CCNB1/DLGAP5/MYBL2/MAD2L1/KIF2C/BUB1B/NEK2/AURKB/SKA3/NUF2/CENPF/TPX2/KIF23",17
"GO:0061448","connective tissue development","20/435","307/18860",0.0651465798045603,2.82451608072185,4.9523350750173,3.2628389723909e-05,0.00240268711225544,0.00198316655508841,"BMPR1B/MATN3/ZBTB16/GHR/COL1A1/RUNX1/MDK/MMP13/SOX5/HOXA3/PPARG/XBP1/GPLD1/THRA/BGN/BMP5/CD34/TGFBR2/ACAT1/BMP6",20
"GO:0008608","attachment of spindle microtubules to kinetochore","8/435","55/18860",0.145454545454545,6.30637408568443,6.05539878968968,3.53672597233537e-05,0.00256022993692277,0.00211320165590565,"SPC25/CCNB1/KIF2C/NEK2/AURKB/SKA3/NUF2/ECT2",8
"GO:0033045","regulation of sister chromatid segregation","11/435","107/18860",0.102803738317757,4.45719196476528,5.51036310293777,3.67722896917601e-05,0.00261757415455846,0.00216053330136324,"DUSP1/SPC25/ESPL1/CCNB1/DLGAP5/MAD2L1/BUB1B/AURKB/SKA3/NUF2/CENPF",11
"GO:0016049","cell growth","27/435","499/18860",0.0541082164328657,2.34593324580195,4.68193994488436,4.04674335268912e-05,0.00283338374743201,0.00233866151650662,"PRR5/NPR1/AVPR1A/IL17RB/ZEB2/KIF14/S100B/NTRK3/MFSD2A/AURKA/TEAD1/EDN2/FAM107A/SEMA3A/TNFRSF12A/CLSTN3/PRKCZ/SERPINE2/YAP1/SLIT3/XBP1/NRN1/EGFR/PAK6/TGFBR2/PLXNA4/POSTN",27
"GO:1902850","microtubule cytoskeleton organization involved in mitosis","14/435","170/18860",0.0823529411764706,3.57052062204192,5.17298373410623,4.14674694202068e-05,0.0028565735789307,0.00235780229351906,"SPC25/ESPL1/CCNB1/DLGAP5/AURKA/MYBL2/MAD2L1/CENPA/NEK2/AURKB/NUF2/TPX2/FAM110A/KIF23",14
"GO:0051216","cartilage development","16/435","216/18860",0.0740740740740741,3.21157939548744,5.02296409810536,4.38503257536107e-05,0.00297277367132811,0.00245371329906169,"BMPR1B/MATN3/ZBTB16/GHR/COL1A1/RUNX1/MDK/MMP13/SOX5/HOXA3/GPLD1/THRA/BGN/BMP5/TGFBR2/BMP6",16
"GO:0045786","negative regulation of cell cycle","23/435","399/18860",0.0576441102756892,2.49923659724023,4.65081668897279,5.81400708524444e-05,0.00387994129079359,0.00320248515271112,"DUSP1/CEBPA/E2F7/SPC25/ESPL1/CDC14B/CCNB1/TIMELESS/MAD2L1/FAM107A/BUB1B/NEK2/AURKB/CHEK1/BLM/SKA3/NUF2/CENPF/EZH2/EME1/IER3/PKMYT1/RAD51",23
"GO:0060560","developmental growth involved in morphogenesis","17/435","246/18860",0.0691056910569106,2.99616858237548,4.84222677931489,6.11271468823386e-05,0.00401652375899182,0.0033152196746389,"ZEB2/S100B/NTRK3/AURKA/EDN2/SEMA3A/TNFRSF12A/CLSTN3/PRKCZ/YAP1/SLIT3/NRN1/PAK6/TGFBR2/PLXNA4/POSTN/S1PR1",17
"GO:0051983","regulation of chromosome segregation","12/435","134/18860",0.0895522388059701,3.88265568708183,5.14544419239579,6.48845543325123e-05,0.00419881714476,0.00346568377128522,"DUSP1/SPC25/ESPL1/CCNB1/DLGAP5/MAD2L1/KIF2C/BUB1B/AURKB/SKA3/NUF2/CENPF",12
"GO:0098813","nuclear chromosome segregation","20/435","323/18860",0.0619195046439628,2.68460197146009,4.69222740051999,6.64018079429022e-05,0.00423286748841993,0.00349378876356291,"DUSP1/SPC25/ESPL1/KIF14/CCNB1/DLGAP5/AURKA/MYBL2/MAD2L1/KIF2C/BUB1B/NEK2/AURKB/SKA3/NUF2/CENPF/ECT2/TPX2/ASPM/KIF23",20
"GO:0044772","mitotic cell cycle phase transition","25/435","461/18860",0.0542299349240781,2.35121051188072,4.51311685627173,7.5095232295341e-05,0.00471664319313826,0.00389309493741636,"DUSP1/E2F7/SPC25/ESPL1/CDC14B/KIF14/CCNB1/MELK/DLGAP5/AURKA/MAD2L1/FAM107A/BUB1B/AURKB/CHEK1/BLM/SKA3/NUF2/CENPF/CDC14C/RRM2/EGFR/EZH2/IER3/PKMYT1",25
"GO:0007059","chromosome segregation","24/435","434/18860",0.0552995391705069,2.39758461782933,4.52592813638452,7.72101221820413e-05,0.00473903186310517,0.00391157443949752,"DUSP1/SPC25/ESPL1/KIF14/CCNB1/DLGAP5/AURKA/MYBL2/MAD2L1/KIF2C/MKI67/BUB1B/NEK2/DIAPH3/AURKB/SKA3/NUF2/CENPF/ECT2/CENPM/TPX2/ASPM/KIF23/NR3C1",24
"GO:0008217","regulation of blood pressure","15/435","203/18860",0.0738916256157636,3.20366910140989,4.85035700951417,7.76708570398881e-05,0.00473903186310517,0.00391157443949752,"NPR1/AVPR1A/NPR3/KCNJ8/WNK4/EDN2/ATP1A2/RASL10B/SCNN1A/PPARG/ADRB1/CTSG/AVPR2/IER3/POSTN",15
"GO:2001251","negative regulation of chromosome organization","10/435","97/18860",0.103092783505155,4.46972390093613,5.2641693961204,8.07557021181278e-05,0.0048578535738947,0.00400964931643603,"DUSP1/SPC25/ESPL1/CCNB1/MAD2L1/BUB1B/AURKB/SKA3/NUF2/CENPF",10
"GO:0090068","positive regulation of cell cycle process","18/435","278/18860",0.0647482014388489,2.80724386008435,4.66437155827589,8.67711216012086e-05,0.00513713759063224,0.00424016902020416,"E2F7/ESPL1/CDC14B/KIF14/CCNB1/DLGAP5/AURKA/MAD2L1/RAB11FIP4/AURKB/CHEK1/SKA3/ECT2/CDC14C/RRM2/EGFR/EZH2/KIF23",18
"GO:0051338","regulation of transferase activity","19/435","304/18860",0.0625,2.70977011494253,4.61777259624334,8.8926081657502e-05,0.00513713759063224,0.00424016902020416,"DUSP1/DOK7/EEF1A2/PRLR/CDC14B/KIF14/MST1R/LDB2/TRIB3/MAD2L1/PTK6/CHTF18/S100A12/BLM/ECT2/TPX2/EZH2/ITGB1BP1/PKMYT1",19
"GO:0001890","placenta development","13/435","160/18860",0.08125,3.52270114942529,4.92385441573528,8.90068325232464e-05,0.00513713759063224,0.00424016902020416,"CEBPA/E2F7/PHLDA2/FBN2/EPAS1/GRHL2/ASCL2/TPPP3/PPARG/KRT19/EGFR/PTGIS/BMP5",13
"GO:0006959","humoral immune response","19/435","307/18860",0.0618892508143322,2.68329027668576,4.56900192152229,0.00010118612093875,0.0057564941348328,0.00475138297639035,"HAMP/CST9/PDCD1/CCL14/FOXJ1/CFB/RNASE4/MMP7/MS4A1/CFH/CCL19/S100A12/CFHR3/GZMK/BLNK/CTSG/C6/CXCL11/TREM2",19
"GO:1901654","response to ketone","16/435","232/18860",0.0689655172413793,2.99009116131589,4.68634286074193,0.000102433517735259,0.0057564941348328,0.00475138297639035,"DUSP1/CEBPA/GHR/AVPR1A/TGFBR3/FOSB/NTRK3/HOXB13/CCL19/SCNN1A/GNG2/AQP1/YAP1/SLIT3/NR3C1/POSTN",16
"GO:0007051","spindle organization","15/435","209/18860",0.0717703349282297,3.11169773964692,4.71687152664994,0.00010773793775436,0.00590557618002473,0.00487443458992787,"SPC25/ESPL1/CCNB1/DLGAP5/AURKA/TPPP/MYBL2/NEK2/AURKB/SKA3/NUF2/TPX2/FAM110A/ASPM/KIF23",15
"GO:0003018","vascular process in circulatory system","18/435","283/18860",0.0636042402826855,2.75764591202632,4.57759141623239,0.000108766346529856,0.00590557618002473,0.00487443458992787,"NPR1/S100A1/AVPR1A/ZEB2/KCNJ8/MFSD2A/FERMT2/LEPR/EDN2/ATP1A2/SLC6A9/ADRA2A/ADRB1/LRP1/AVPR2/ITGB1BP1/P2RY2/BMP6",18
"GO:0001659","temperature homeostasis","14/435","186/18860",0.0752688172043011,3.26337906315659,4.76645283089236,0.000109884954101985,0.00590557618002473,0.00487443458992787,"LAMA4/ACADL/NPR3/PRLR/ELOVL3/PTGER3/LEPR/EPAS1/EDN2/NOVA1/CLSTN3/THRA/ADRB1/ALDH1A1",14
"GO:0050878","regulation of body fluid levels","22/435","389/18860",0.0565552699228792,2.45202848447242,4.44636328133866,0.000110617207773818,0.00590557618002473,0.00487443458992787,"SLC7A11/SERPINA1/NPR1/NPR3/CD9/PRLR/VAMP8/MYO5B/WNK4/ANGPTL1/SCNN1A/AQP1/SCT/SERPINE2/F2RL2/ADRA2A/XBP1/CTSG/AVPR2/TYRO3/VAV3/P2RY2",22
"GO:0034446","substrate adhesion-dependent cell spreading","10/435","101/18860",0.099009900990099,4.29270513258222,5.09810641320192,0.000113687678296759,0.00599456881488218,0.00494788868896485,"LIMS2/KIF14/FERMT2/MDK/KANK1/EPHA1/TACSTD2/ITGB1BP1/TYRO3/POSTN",10
"GO:0035725","sodium ion transmembrane transport","14/435","187/18860",0.0748663101604278,3.24592783821993,4.74252646816586,0.000116330975272051,0.0060591414071577,0.00500118660059179,"SLC20A1/SLC6A2/SHROOM2/FXYD3/FXYD1/TESC/WNK4/ATP1A2/KCNK1/SLC6A9/SCNN1A/SCN4A/SCN3B/SLC9A7",14
"GO:0006865","amino acid transport","13/435","166/18860",0.0783132530120482,3.3953746018557,4.76295606797091,0.000129208878658394,0.00664880868373494,0.0054878951759919,"SLC7A11/SLC6A2/AVPR1A/SLC1A7/KCNJ8/ATP1A2/KCNK1/SLC6A9/SLC25A18/NTRK2/NPY5R/SLC7A10/TTYH1",13
"GO:0060390","regulation of SMAD protein signal transduction","9/435","84/18860",0.107142857142857,4.64532019704433,5.14486516056972,0.000135640415803372,0.00689666923685954,0.00569247810182321,"BMPER/SPTBN1/TGFBR3/PPARG/XBP1/LRP1/BMP5/TGFBR2/BMP6",9
"GO:0050000","chromosome localization","11/435","124/18860",0.0887096774193548,3.84612532443456,4.88569817329096,0.000141488068460479,0.00710935929876124,0.00586803147088723,"SPC25/KIF14/CCNB1/DLGAP5/KIF2C/NEK2/AURKB/SKA3/NUF2/CENPF/ECT2",11
"GO:0051310","metaphase chromosome alignment","10/435","104/18860",0.0961538461538462,4.16887709991158,4.97911508123754,0.000145274247771203,0.00714635857356323,0.00589857049695332,"SPC25/KIF14/CCNB1/KIF2C/NEK2/AURKB/SKA3/NUF2/CENPF/ECT2",10
"GO:0031032","actomyosin structure organization","15/435","215/18860",0.0697674418604651,3.02485966319166,4.58810317514715,0.000147485963991161,0.00714635857356323,0.00589857049695332,"SYNPO/ZEB2/FERMT2/EPB41L4B/PGM5/MET/RAPGEF3/EPHA1/ECT2/DLC1/KRT19/TACSTD2/ITGB1BP1/TNNT3/S1PR1",15
"GO:0050900","leukocyte migration","22/435","397/18860",0.0554156171284635,2.40261733113292,4.33993804599824,0.000148023859652159,0.00714635857356323,0.00589857049695332,"DUSP1/CD9/CXADR/FOXJ1/IL33/APOD/MDK/EDN2/HOXA7/CCL19/GP2/S100A12/ASCL2/RET/CTSG/BMP5/CXCL11/CD34/S100A14/TREM2/S1PR1/VAV3",22
"GO:0048545","response to steroid hormone","20/435","343/18860",0.0583090379008746,2.52806541335746,4.38837672614523,0.000150115567575317,0.00714635857356323,0.00589857049695332,"DUSP1/CEBPA/GHR/AVPR1A/IL1RN/FOSB/S100B/NTRK3/COL1A1/NR2E3/MDK/FAM107A/ATP1A2/SCNN1A/PER1/AQP1/YAP1/SLIT3/NR3C1/BMP6",20
"GO:0090266","regulation of mitotic cell cycle spindle assembly checkpoint","5/435","23/18860",0.217391304347826,9.42528735632184,6.21216498850573,0.000152263786044077,0.00714635857356323,0.00589857049695332,"DUSP1/CCNB1/MAD2L1/AURKB/SKA3",5
"GO:1903504","regulation of mitotic spindle checkpoint","5/435","23/18860",0.217391304347826,9.42528735632184,6.21216498850573,0.000152263786044077,0.00714635857356323,0.00589857049695332,"DUSP1/CCNB1/MAD2L1/AURKB/SKA3",5
"GO:0021537","telencephalon development","18/435","291/18860",0.0618556701030928,2.68183434056168,4.4425841490852,0.000154223831363089,0.00715967373643209,0.005909560769279,"SLC7A11/AVPR1A/ZEB2/KIF14/LRP8/MFSD2A/MDK/ATP1A2/SEMA3A/AQP1/SCT/NTRK2/EGFR/AVPR2/EMX2/EZH2/ASPM/PLXNA4",18
"GO:0034308","primary alcohol metabolic process","10/435","105/18860",0.0952380952380952,4.12917350848385,4.94044388278787,0.00015732295019538,0.0072250141966072,0.005963492475431,"CYP3A5/ACSS2/ALDH2/DGAT1/ADH1B/ADH1A/RDH5/BMP5/ALDH1A1/BMP6",10
"GO:0006835","dicarboxylic acid transport","10/435","107/18860",0.0934579439252336,4.05199269524116,4.86452245339356,0.00018395829182564,0.00835836025943947,0.0068989509442785,"SLC7A11/AVPR1A/SLC1A7/KCNJ8/ATP1A2/KCNK1/SLC25A18/NTRK2/NPY5R/TTYH1",10
"GO:0090231","regulation of spindle checkpoint","5/435","24/18860",0.208333333333333,9.03256704980843,6.05014592781663,0.000188712697991084,0.00848412561178861,0.0070027570700514,"DUSP1/CCNB1/MAD2L1/AURKB/SKA3",5
"GO:0048469","cell maturation","15/435","221/18860",0.0678733031674208,2.94273677640818,4.46374117600699,0.000199403562825457,0.0088619860894391,0.00731464131746085,"CEBPA/KIF14/CCNB1/AURKA/FOXJ1/HOXB13/EPAS1/CCL19/EPHA8/CABYR/KCNIP2/DIAPH3/RET/PPARG/XBP1",15
"GO:0007160","cell-matrix adhesion","16/435","246/18860",0.0650406504065041,2.81992337164751,4.41469811933699,0.000201267302897587,0.0088619860894391,0.00731464131746085,"TNXB/FREM1/EDA/FERMT2/SKAP1/VWA2/LYPD3/APOD/FBLN5/HOXA7/FAM107A/EPHA1/DLC1/CD34/ITGB1BP1/POSTN",16
"GO:1990138","neuron projection extension","13/435","174/18860",0.0747126436781609,3.23926542475889,4.55955266945907,0.000206489873099427,0.00899916579599644,0.00742786879709968,"S100B/NTRK3/AURKA/EDN2/SEMA3A/TNFRSF12A/CLSTN3/PRKCZ/SLIT3/NRN1/PAK6/PLXNA4/POSTN",13
"GO:0010389","regulation of G2/M transition of mitotic cell cycle","10/435","109/18860",0.0917431192660551,3.97764420542023,4.79042500726622,0.000214286995363913,0.00915219757199274,0.00755418049972364,"CDC14B/KIF14/CCNB1/AURKA/AURKB/CHEK1/BLM/CENPF/IER3/PKMYT1",10
"GO:0110020","regulation of actomyosin structure organization","10/435","109/18860",0.0917431192660551,3.97764420542023,4.79042500726622,0.000214286995363913,0.00915219757199274,0.00755418049972364,"SYNPO/FERMT2/MET/RAPGEF3/EPHA1/ECT2/DLC1/TACSTD2/ITGB1BP1/S1PR1",10
"GO:1900025","negative regulation of substrate adhesion-dependent cell spreading","4/435","14/18860",0.285714285714286,12.3875205254516,6.54913296241668,0.000232528304875874,0.00983295435767186,0.0081160739242241,"KANK1/TACSTD2/ITGB1BP1/POSTN",4
"GO:0106106","cold-induced thermogenesis","12/435","154/18860",0.0779220779220779,3.37841468875952,4.55362941931164,0.000243878791930832,0.0101294911682166,0.00836083400223226,"LAMA4/ACADL/NPR3/PRLR/ELOVL3/LEPR/EPAS1/NOVA1/CLSTN3/THRA/ADRB1/ALDH1A1",12
"GO:1905475","regulation of protein localization to membrane","13/435","177/18860",0.0734463276836158,3.18436262094941,4.48629960107363,0.00024428414664629,0.0101294911682166,0.00836083400223226,"SLC7A11/GPC3/DOK7/MRAP/SPTBN1/RHOQ/VAMP8/WNK4/KIF2C/LRP1/EGFR/NETO2/TREM2",13
"GO:0042063","gliogenesis","20/435","357/18860",0.0560224089635854,2.4289255932258,4.18815608792354,0.00025447724062041,0.0104506951412478,0.00862595423924852,"CD9/ZEB2/S100B/NTRK3/LRP8/ERBB3/IL33/LEPR/TPPP/RRAS2/MDK/ASCL2/NTRK2/SERPINE2/LAMA2/LRP1/FA2H/EZH2/NR3C1/TREM2",20
"GO:0019216","regulation of lipid metabolic process","20/435","358/18860",0.0558659217877095,2.42214088486483,4.17421685652001,0.000263919647245136,0.0107352458417521,0.00886082103883669,"CES1/AVPR1A/ACADL/EEF1A2/MFSD2A/APOD/TRIB3/EDN2/SEC14L2/CLSTN3/SCT/ADRA2A/PPARG/XBP1/GPLD1/THRA/BMP5/NR3C1/TREM2/BMP6",20
"GO:0072001","renal system development","19/435","334/18860",0.0568862275449102,2.46637758964829,4.15459246188957,0.000298108530684448,0.01201152391088,0.00991425490826433,"GPC3/BMPER/ZBTB16/TBX18/KCNJ8/HELLS/FOXJ1/WNK4/CD24/AQP1/YAP1/RET/CENPF/TACSTD2/CD34/EMX2/EZH2/ACAT1/BMP6",19
"GO:0006814","sodium ion transport","16/435","255/18860",0.0627450980392157,2.72039666441289,4.24995229659284,0.00030169554822557,0.0120424456679571,0.00993977758000427,"SLC20A1/SLC6A2/SHROOM2/FXYD3/FXYD1/TESC/WNK4/ATP1A2/KCNK1/SLC6A9/SCNN1A/PER1/SERPINE2/SCN4A/SCN3B/SLC9A7",16
"GO:0010810","regulation of cell-substrate adhesion","15/435","230/18860",0.0652173913043478,2.82758620689655,4.28484950252237,0.000306714541372716,0.0121294241315081,0.0100115691915909,"LIMS2/FERMT2/COL1A1/SKAP1/APOD/MDK/HOXA7/FAM107A/KANK1/EPHA1/DLC1/TACSTD2/ITGB1BP1/POSTN/VIT",15
"GO:0043549","regulation of kinase activity","16/435","256/18860",0.0625,2.70977011494253,4.23208858326658,0.000315155779209963,0.0123489021376674,0.0101927252976742,"DUSP1/DOK7/EEF1A2/PRLR/KIF14/MST1R/LDB2/TRIB3/PTK6/S100A12/BLM/ECT2/TPX2/EZH2/ITGB1BP1/PKMYT1",16
"GO:0007052","mitotic spindle organization","11/435","137/18860",0.0802919708029197,3.48116452722544,4.47845628040602,0.000339243699841895,0.0131719076547703,0.0108720301509139,"SPC25/CCNB1/DLGAP5/AURKA/MYBL2/NEK2/AURKB/NUF2/TPX2/FAM110A/KIF23",11
"GO:0030038","contractile actin filament bundle assembly","10/435","116/18860",0.0862068965517241,3.73761395164487,4.54433430419915,0.000355502176381388,0.0135566946011152,0.0111896314727563,"SYNPO/ZEB2/FERMT2/MET/RAPGEF3/EPHA1/DLC1/TACSTD2/ITGB1BP1/S1PR1",10
"GO:0043149","stress fiber assembly","10/435","116/18860",0.0862068965517241,3.73761395164487,4.54433430419915,0.000355502176381388,0.0135566946011152,0.0111896314727563,"SYNPO/ZEB2/FERMT2/MET/RAPGEF3/EPHA1/DLC1/TACSTD2/ITGB1BP1/S1PR1",10
"GO:0051347","positive regulation of transferase activity","12/435","161/18860",0.0745341614906832,3.23152709359606,4.36924222187865,0.000367031801428705,0.0138725028663894,0.0114502981181624,"DOK7/EEF1A2/PRLR/CDC14B/KIF14/MST1R/CHTF18/S100A12/ECT2/TPX2/EZH2/ITGB1BP1",12
"GO:0019915","lipid storage","9/435","96/18860",0.09375,4.06465517241379,4.62545788126388,0.000374760118788552,0.0139182649334427,0.0114880699114221,"CES1/SQLE/MSR1/ACVR1C/DGAT1/CLSTN3/CDS1/PPARG/TREM2",9
"GO:0032465","regulation of cytokinesis","9/435","96/18860",0.09375,4.06465517241379,4.62545788126388,0.000374760118788552,0.0139182649334427,0.0114880699114221,"E2F7/CDC14B/KIF14/AURKA/RAB11FIP4/AURKB/ECT2/CDC14C/KIF23",9
"GO:0071674","mononuclear cell migration","15/435","235/18860",0.0638297872340425,2.76742479823918,4.1891599712183,0.000385484694154726,0.0141005458104771,0.0116385236834188,"DUSP1/CD9/APOD/MDK/EDN2/CCL19/S100A12/ASCL2/RET/CTSG/BMP5/CXCL11/S100A14/TREM2/S1PR1",15
"GO:0071695","anatomical structure maturation","17/435","287/18860",0.0592334494773519,2.56814449917898,4.11326043756654,0.000386271098062706,0.0141005458104771,0.0116385236834188,"CEBPA/ZBTB16/KIF14/CCNB1/AURKA/FOXJ1/HOXB13/EPAS1/CCL19/EPHA8/CABYR/KCNIP2/DIAPH3/RET/PPARG/XBP1/S1PR1",17
"GO:0051782","negative regulation of cell division","4/435","16/18860",0.25,10.8390804597701,6.04962097892581,0.000407577454069037,0.0145063608860738,0.0119734815234843,"E2F7/AURKB/BLM/ASPM",4
"GO:0060457","negative regulation of digestive system process","4/435","16/18860",0.25,10.8390804597701,6.04962097892581,0.000407577454069037,0.0145063608860738,0.0119734815234843,"HAMP/PTGER3/WNK4/SCT",4
"GO:1900006","positive regulation of dendrite development","4/435","16/18860",0.25,10.8390804597701,6.04962097892581,0.000407577454069037,0.0145063608860738,0.0119734815234843,"LRP8/BMP5/EZH2/PACSIN1",4
"GO:0001953","negative regulation of cell-matrix adhesion","6/435","43/18860",0.13953488372093,6.04971932638332,5.09361933755416,0.000430335174172811,0.0151897647015874,0.0125375597938647,"APOD/HOXA7/FAM107A/DLC1/ITGB1BP1/POSTN",6
"GO:0051492","regulation of stress fiber assembly","9/435","98/18860",0.0918367346938776,3.981703026038,4.54713730760786,0.000436856133293114,0.0152935454532368,0.0126232199344145,"SYNPO/FERMT2/MET/RAPGEF3/EPHA1/DLC1/TACSTD2/ITGB1BP1/S1PR1",9
"GO:0048588","developmental cell growth","15/435","238/18860",0.0630252100840336,2.73254129237902,4.13294020475296,0.000440623031027589,0.0153000078497466,0.0126285539658656,"ZEB2/S100B/NTRK3/AURKA/EDN2/SEMA3A/TNFRSF12A/CLSTN3/PRKCZ/SLIT3/NRN1/PAK6/TGFBR2/PLXNA4/POSTN",15
"GO:0051302","regulation of cell division","13/435","190/18860",0.068421052631579,2.9664851784634,4.18596438946586,0.000484131801772311,0.0166752171400769,0.0137636451963962,"E2F7/CDC14B/KIF14/AURKA/MDK/RAB11FIP4/AURKB/BLM/ECT2/CDC14C/ITGB1BP1/ASPM/KIF23",13
"GO:0051938","L-glutamate import","6/435","44/18860",0.136363636363636,5.91222570532915,5.01234793218049,0.000488708016580513,0.016698175510523,0.0137825949265527,"SLC7A11/SLC1A7/KCNJ8/ATP1A2/SLC25A18/TTYH1",6
"GO:0060395","SMAD protein signal transduction","9/435","100/18860",0.09,3.90206896551724,4.47086465028887,0.000507175302369322,0.0171102518890167,0.0141227208163543,"BMPER/SPTBN1/TGFBR3/PPARG/XBP1/LRP1/BMP5/TGFBR2/BMP6",9
"GO:0010959","regulation of metal ion transport","20/435","377/18860",0.0530503978779841,2.30007012408915,3.91788272524776,0.000511739573580386,0.0171102518890167,0.0141227208163543,"FXYD3/HAMP/DPP6/FXYD1/TESC/KCNAB1/ATP2C2/WNK4/MS4A1/ATP1A2/KCNIP2/ASPH/JPH2/PER1/CACNA2D1/SERPINE2/ADRA2A/SCN3B/CXCL11/TREM2",20
"GO:0045787","positive regulation of cell cycle","19/435","349/18860",0.0544412607449857,2.3603728221849,3.94144917277318,0.000512786757619793,0.0171102518890167,0.0141227208163543,"E2F7/ESPL1/CDC14B/KIF14/CCNB1/DLGAP5/AURKA/MAD2L1/PTK6/RAB11FIP4/AURKB/CHEK1/SKA3/ECT2/CDC14C/RRM2/EGFR/EZH2/KIF23",19
"GO:0072659","protein localization to plasma membrane","17/435","295/18860",0.0576271186440678,2.49849990259108,3.9858455021097,0.000528425723801892,0.0174654840338454,0.0144159277450981,"MRAP/SPTBN1/RHOQ/DPP6/VAMP8/TESC/SKAP1/ATP2C2/WNK4/PRKCZ/RAMP1/SCN3B/LRP1/EGFR/PACSIN1/ITGB1BP1/TREM2",17
"GO:1902749","regulation of cell cycle G2/M phase transition","10/435","122/18860",0.0819672131147541,3.55379687205577,4.34815341889509,0.0005316115486771,0.0174654840338454,0.0144159277450981,"CDC14B/KIF14/CCNB1/AURKA/AURKB/CHEK1/BLM/CENPF/IER3/PKMYT1",10
"GO:1900024","regulation of substrate adhesion-dependent cell spreading","7/435","62/18860",0.112903225806452,4.89506859473489,4.72014503010963,0.000545071388004623,0.0175403020439446,0.0144776821760393,"LIMS2/FERMT2/MDK/KANK1/TACSTD2/ITGB1BP1/POSTN",7
"GO:0170062","nutrient storage","9/435","101/18860",0.0891089108910891,3.863434619324,4.43346543609628,0.000545668656898158,0.0175403020439446,0.0144776821760393,"CES1/SQLE/MSR1/ACVR1C/DGAT1/CLSTN3/CDS1/PPARG/TREM2",9
"GO:0000086","G2/M transition of mitotic cell cycle","11/435","145/18860",0.0758620689655172,3.28910027744748,4.2516167940872,0.00055031619618089,0.0175403020439446,0.0144776821760393,"CDC14B/KIF14/CCNB1/MELK/AURKA/AURKB/CHEK1/BLM/CENPF/IER3/PKMYT1",11
"GO:0045834","positive regulation of lipid metabolic process","11/435","145/18860",0.0758620689655172,3.28910027744748,4.2516167940872,0.00055031619618089,0.0175403020439446,0.0144776821760393,"CES1/AVPR1A/EEF1A2/MFSD2A/EDN2/CLSTN3/SCT/PPARG/XBP1/GPLD1/BMP6",11
"GO:0060479","lung cell differentiation","5/435","30/18860",0.166666666666667,7.22605363984674,5.24382917852224,0.000564655432113911,0.0177244783115994,0.014629700394471,"FOXJ1/GRHL2/THRB/YAP1/THRA",5
"GO:0060487","lung epithelial cell differentiation","5/435","30/18860",0.166666666666667,7.22605363984674,5.24382917852224,0.000564655432113911,0.0177244783115994,0.014629700394471,"FOXJ1/GRHL2/THRB/YAP1/THRA",5
"GO:0051017","actin filament bundle assembly","12/435","169/18860",0.0710059171597633,3.07855539685778,4.17050741486863,0.000568544492786028,0.0177244783115994,0.014629700394471,"SYNPO/ZEB2/FERMT2/MET/FAM107A/RAPGEF3/DIAPH3/EPHA1/DLC1/TACSTD2/ITGB1BP1/S1PR1",12
"GO:0010718","positive regulation of epithelial to mesenchymal transition","7/435","63/18860",0.111111111111111,4.81736909323116,4.66326791628673,0.000601231571381256,0.0186076814591981,0.0153586920866196,"TNXB/FERMT2/COL1A1/MDK/LRG1/EZH2/TGFBR2",7
"GO:0000910","cytokinesis","13/435","195/18860",0.0666666666666667,2.8904214559387,4.07720132647536,0.000618766862923213,0.0190126134643528,0.0156929210445274,"E2F7/SPTBN1/ESPL1/CDC14B/KIF14/AURKA/CEP55/CENPA/RAB11FIP4/AURKB/ECT2/CDC14C/KIF23",13
"GO:0030098","lymphocyte differentiation","22/435","441/18860",0.0498866213151927,2.16290040920583,3.79689864874056,0.0006273357207082,0.0191382204510337,0.0157965964560283,"ZBTB16/CD27/HMGB3/PDP2/FOXJ1/CFB/LEPR/RUNX1/MS4A1/MDK/CCL19/ASCL2/PRKCZ/BLNK/XBP1/CD2/DOCK11/SPIB/IL7R/EZH2/TGFBR2/TYRO3",22
"GO:0014047","glutamate secretion","5/435","31/18860",0.161290322580645,6.99295513533556,5.13107610394822,0.000660619720374789,0.0200106867072392,0.0165167259689076,"AVPR1A/KCNJ8/KCNK1/NTRK2/NPY5R",5
"GO:0061572","actin filament bundle organization","12/435","173/18860",0.069364161849711,3.00737492525414,4.07551001013734,0.000699941454480783,0.0210524644513199,0.0173766043814392,"SYNPO/ZEB2/FERMT2/MET/FAM107A/RAPGEF3/DIAPH3/EPHA1/DLC1/TACSTD2/ITGB1BP1/S1PR1",12
"GO:0042246","tissue regeneration","8/435","84/18860",0.0952380952380952,4.12917350848385,4.41639551396052,0.000708207228981242,0.0211521194054467,0.0174588591082678,"CD9/CCNB1/RUNX1/APOD/MDK/YAP1/EZH2/POSTN",8
"GO:0050886","endocrine process","9/435","105/18860",0.0857142857142857,3.71625615763547,4.28851614705669,0.000724359704907156,0.0214843076365171,0.0177330456998104,"AVPR1A/WNK4/EDN2/RASL10B/AQP1/PPARG/CTSG/AVPR2/BMP6",9
"GO:0062012","regulation of small molecule metabolic process","19/435","360/18860",0.0527777777777778,2.2882503192848,3.79197840515554,0.000745525309320068,0.021959576524869,0.0181253303877525,"ME1/SLC7A11/CES1/AVPR1A/ACADL/TFF3/MFSD2A/LEPR/GPD1/TRIB3/EDN2/SEC14L2/PPARG/GPLD1/BMP5/IER3/NR3C1/TREM2/BMP6",19
"GO:0072073","kidney epithelium development","11/435","151/18860",0.0728476821192053,3.15840755119129,4.09163465523942,0.000772483741158618,0.0224440684250916,0.0185252277059808,"GPC3/BMPER/FOXJ1/WNK4/CD24/AQP1/YAP1/RET/TACSTD2/CD34/ACAT1",11
"GO:0120161","regulation of cold-induced thermogenesis","11/435","151/18860",0.0728476821192053,3.15840755119129,4.09163465523942,0.000772483741158618,0.0224440684250916,0.0185252277059808,"LAMA4/ACADL/NPR3/PRLR/ELOVL3/LEPR/EPAS1/NOVA1/THRA/ADRB1/ALDH1A1",11
"GO:0030900","forebrain development","21/435","419/18860",0.0501193317422434,2.17298987737635,3.73086257544654,0.000780360399280926,0.0225197247657354,0.0185876740909802,"SLC7A11/AVPR1A/ZEB2/KIF14/LRP8/MFSD2A/OTX1/MDK/ATP1A2/SEMA3A/AQP1/SCT/NTRK2/DLC1/EGFR/AVPR2/EMX2/EZH2/ASPM/PLXNA4/TYRO3",21
"GO:1901976","regulation of cell cycle checkpoint","6/435","48/18860",0.125,5.41954022988506,4.7106456413857,0.000786199551580662,0.0225359616429598,0.0186010759324877,"DUSP1/CCNB1/MAD2L1/AURKB/SKA3/RAD51",6
"GO:0002064","epithelial cell development","14/435","226/18860",0.0619469026548673,2.68578984843861,3.91746223709326,0.000801426966023421,0.0228192971459069,0.0188349397137715,"CEBPA/DNASE1L2/RAB25/FOXJ1/HOXB13/EPAS1/MET/GRHL2/RAPGEF3/YAP1/XBP1/BMP5/ROBO4/BMP6",14
"GO:0010885","regulation of cholesterol storage","4/435","19/18860",0.210526315789474,9.12764670296431,5.44615319373954,0.000821702732255998,0.0229675154353198,0.0189572783873828,"CES1/MSR1/PPARG/TREM2",4
"GO:0051895","negative regulation of focal adhesion assembly","4/435","19/18860",0.210526315789474,9.12764670296431,5.44615319373954,0.000821702732255998,0.0229675154353198,0.0189572783873828,"APOD/FAM107A/DLC1/ITGB1BP1",4
"GO:0046683","response to organophosphorus","10/435","129/18860",0.0775193798449612,3.36095518132407,4.13430322781466,0.000822765127980317,0.0229675154353198,0.0189572783873828,"DUSP1/FOSB/KCNJ8/COL1A1/GPD1/RAPGEF3/ASPH/PER1/AQP1/P2RY2",10
"GO:0021700","developmental maturation","19/435","364/18860",0.0521978021978022,2.26310471138057,3.73896456253856,0.000850242157510115,0.0235804172384786,0.0194631646309048,"CEBPA/ZBTB16/KIF14/CCNB1/AURKA/FOXJ1/HOXB13/EPAS1/CCL19/EPHA8/CABYR/KCNIP2/DIAPH3/RET/PPARG/XBP1/CHRDL1/NRN1/S1PR1",19
"GO:0030856","regulation of epithelial cell differentiation","12/435","177/18860",0.0677966101694915,2.93941165010715,3.98321305663597,0.000855863863834244,0.0235831907253939,0.01946545385386,"APOLD1/SULT2B1/ZEB2/PRLR/FOXJ1/CD24/HOXA7/YAP1/EZH2/TMEM100/BMP6/IL20",12
"GO:1990778","protein localization to cell periphery","19/435","365/18860",0.0520547945205479,2.25690442450008,3.7258188010581,0.000878313424612346,0.0238588224663467,0.0196929589865051,"MRAP/SPTBN1/RHOQ/DPP6/VAMP8/TESC/SKAP1/ATP2C2/WNK4/KIF2C/PRKCZ/RAMP1/SCN3B/LRP1/EGFR/NETO2/PACSIN1/ITGB1BP1/TREM2",19
"GO:0019098","reproductive behavior","6/435","49/18860",0.122448979591837,5.30893736805067,4.64047556601323,0.00087872458057422,0.0238588224663467,0.0196929589865051,"AVPR1A/PPP1R1B/THRB/SERPINE2/THRA/NR3C1",6
"GO:0032526","response to retinoic acid","9/435","108/18860",0.0833333333333333,3.61302681992337,4.18439002724264,0.000887535171482032,0.0238588224663467,0.0196929589865051,"DUSP1/NTRK3/TESC/COL1A1/PTK6/AQP1/YAP1/RET/BMP6",9
"GO:0061036","positive regulation of cartilage development","5/435","33/18860",0.151515151515152,6.56913967258795,4.91988248131322,0.0008885202741893,0.0238588224663467,0.0196929589865051,"BMPR1B/ZBTB16/MDK/SOX5/BMP6",5
"GO:0001523","retinoid metabolic process","8/435","87/18860",0.0919540229885057,3.98678821508786,4.29039646152384,0.000894116749810621,0.0238588224663467,0.0196929589865051,"CYP3A5/LRP8/DGAT1/ADH1B/ADH1A/RDH5/LRP1/ALDH1A1",8
"GO:0030324","lung development","13/435","203/18860",0.0640394088669951,2.7765132212219,3.91017115479604,0.000899384316806794,0.0238588224663467,0.0196929589865051,"SLC7A11/CEBPA/GPC3/TIMELESS/FOXJ1/EPAS1/EDN2/GRHL2/THRB/CELSR1/YAP1/THRA/TGFBR2",13
"GO:0048732","gland development","22/435","454/18860",0.0484581497797357,2.10096713757659,3.64857085042987,0.000917981707051336,0.0242018510544213,0.0199760931573419,"CEBPA/E2F7/LIMS2/EDA/PRLR/TGFBR3/AURKA/ATP2C2/HOXB13/MET/MDK/ELF3/HOXA3/SERPINE2/XBP1/THRA/EGFR/FA2H/EZH2/TGFBR2/NR3C1/ACAT1",22
"GO:0001503","ossification","22/435","455/18860",0.0483516483516484,2.09634962738411,3.6373665719847,0.000944514560149513,0.0247485993030587,0.0204273765704922,"BMPR1B/CEBPA/GPC3/SMOC1/ZBTB16/FERMT2/COL1A1/TWIST2/FBN2/RUNX1/RRAS2/MDK/MMP13/YAP1/PPARG/GPLD1/THRA/CHRDL1/EGFR/BMP5/S1PR1/BMP6",22
"GO:0086001","cardiac muscle cell action potential","8/435","88/18860",0.0909090909090909,3.94148380355277,4.24964581227194,0.000964114559199822,0.0251081297703807,0.0207241313142503,"TBX18/KCNJ8/CXADR/ATP1A2/KCNIP2/CACNA2D1/SCN4A/SCN3B",8
"GO:0060541","respiratory system development","14/435","231/18860",0.0606060606060606,2.62765586903518,3.82449429647913,0.00099055214384228,0.0256402921596993,0.0211633756282475,"SLC7A11/CEBPA/GPC3/EDA/TIMELESS/FOXJ1/EPAS1/EDN2/GRHL2/THRB/CELSR1/YAP1/THRA/TGFBR2",14
"GO:0150118","negative regulation of cell-substrate junction organization","4/435","20/18860",0.2,8.67126436781609,5.27401922753685,0.0010085591286804,0.0259491327626143,0.0214182911981652,"APOD/FAM107A/DLC1/ITGB1BP1",4
"GO:0015813","L-glutamate transmembrane transport","5/435","34/18860",0.147058823529412,6.37592968221771,4.82074568590967,0.0010222151431317,0.0261429992593743,0.0215783076857742,"SLC7A11/SLC1A7/ATP1A2/SLC25A18/TTYH1",5
"GO:0071300","cellular response to retinoic acid","7/435","69/18860",0.101449275362319,4.39846743295019,4.34543163829335,0.00104175133692784,0.0264840473810643,0.0218598071890434,"NTRK3/TESC/COL1A1/PTK6/AQP1/YAP1/RET",7
"GO:0030323","respiratory tube development","13/435","207/18860",0.0628019323671498,2.72286079182631,3.82966887981633,0.00107557236296593,0.0271820684155472,0.0224359504426838,"SLC7A11/CEBPA/GPC3/TIMELESS/FOXJ1/EPAS1/EDN2/GRHL2/THRB/CELSR1/YAP1/THRA/TGFBR2",13
"GO:0032467","positive regulation of cytokinesis","6/435","51/18860",0.117647058823529,5.10074374577417,4.5057290959597,0.00108873939181197,0.0273529761319349,0.0225770168617851,"CDC14B/KIF14/AURKB/ECT2/CDC14C/KIF23",6
"GO:0097009","energy homeostasis","8/435","90/18860",0.0888888888888889,3.85389527458493,4.16991652560176,0.00111725821434893,0.0278382550505131,0.0229775637812341,"CEBPA/ACVR1C/MFSD2A/WNK4/LEPR/EDN2/SCT/ADRB1",8
"GO:0045859","regulation of protein kinase activity","14/435","234/18860",0.0598290598290598,2.59396797327832,3.76988351283296,0.00112109104862755,0.0278382550505131,0.0229775637812341,"DUSP1/DOK7/PRLR/KIF14/MST1R/TRIB3/PTK6/S100A12/BLM/ECT2/TPX2/EZH2/ITGB1BP1/PKMYT1",14
"GO:0008544","epidermis development","20/435","402/18860",0.0497512437810945,2.15703093726768,3.60301348593925,0.00112889355256114,0.0278699674161192,0.0230037390175069,"SULT2B1/EDA/KRT83/DNASE1L2/KRT86/LDB2/STS/HOXB13/MET/HOXA7/GRHL2/EMP1/KRT7/CDH23/YAP1/EGFR/FA2H/AGPAT2/EZH2/IL20",20
"GO:0032231","regulation of actin filament bundle assembly","9/435","112/18860",0.0803571428571429,3.48399014778325,4.05118073117286,0.00115032074131104,0.0282357464720658,0.023305651316701,"SYNPO/FERMT2/MET/RAPGEF3/EPHA1/DLC1/TACSTD2/ITGB1BP1/S1PR1",9
"GO:0001892","embryonic placenta development","8/435","91/18860",0.0879120879120879,3.81154477706202,4.13090629885629,0.0012007882312754,0.0288672675521598,0.0238269058231607,"CEBPA/E2F7/EPAS1/GRHL2/ASCL2/KRT19/EGFR/BMP5",8
"GO:0016101","diterpenoid metabolic process","8/435","91/18860",0.0879120879120879,3.81154477706202,4.13090629885629,0.0012007882312754,0.0288672675521598,0.0238269058231607,"CYP3A5/LRP8/DGAT1/ADH1B/ADH1A/RDH5/LRP1/ALDH1A1",8
"GO:0042572","retinol metabolic process","6/435","52/18860",0.115384615384615,5.0026525198939,4.44097638487826,0.001207183506684,0.0288672675521598,0.0238269058231607,"CYP3A5/DGAT1/ADH1B/ADH1A/RDH5/ALDH1A1",6
"GO:0043085","positive regulation of catalytic activity","17/435","318/18860",0.0534591194968553,2.31779079013952,3.64151371595645,0.00121220450524046,0.0288672675521598,0.0238269058231607,"DOK7/EEF1A2/PRLR/CDC14B/KIF14/MST1R/RGS6/RAPGEF3/CHTF18/S100A12/ECT2/GPLD1/TPX2/DOCK11/AVPR2/EZH2/ITGB1BP1",17
"GO:0032332","positive regulation of chondrocyte differentiation","4/435","21/18860",0.19047619047619,8.25834701696771,5.11350473554521,0.00122336113953194,0.0288672675521598,0.0238269058231607,"BMPR1B/ZBTB16/SOX5/BMP6",4
"GO:0045056","transcytosis","4/435","21/18860",0.19047619047619,8.25834701696771,5.11350473554521,0.00122336113953194,0.0288672675521598,0.0238269058231607,"MFSD2A/GP2/RAB17/LRP1",4
"GO:0051383","kinetochore organization","4/435","21/18860",0.19047619047619,8.25834701696771,5.11350473554521,0.00122336113953194,0.0288672675521598,0.0238269058231607,"DLGAP5/CENPA/NUF2/CENPF",4
"GO:0021782","glial cell development","10/435","136/18860",0.0735294117647059,3.18796484110886,3.93469150230124,0.00123388946422863,0.028955724734728,0.0238999179624158,"CD9/ZEB2/NTRK3/ERBB3/TPPP/MDK/NTRK2/LRP1/FA2H/TREM2",10
"GO:0010562","positive regulation of phosphorus metabolic process","17/435","320/18860",0.053125,2.30330459770115,3.61298586138205,0.00129699231900051,0.0301057293176695,0.0248491262948096,"DOK7/EEF1A2/PRLR/KIF14/MST1R/GPD1/S100A12/ECT2/XBP1/GPLD1/TPX2/EGFR/EZH2/ITGB1BP1/TREM2/PROM2/IL20",17
"GO:0045937","positive regulation of phosphate metabolic process","17/435","320/18860",0.053125,2.30330459770115,3.61298586138205,0.00129699231900051,0.0301057293176695,0.0248491262948096,"DOK7/EEF1A2/PRLR/KIF14/MST1R/GPD1/S100A12/ECT2/XBP1/GPLD1/TPX2/EGFR/EZH2/ITGB1BP1/TREM2/PROM2/IL20",17
"GO:0033674","positive regulation of kinase activity","10/435","137/18860",0.072992700729927,3.1646950247504,3.90723465629986,0.00130433401260554,0.0301124895558825,0.0248547061633909,"DOK7/EEF1A2/PRLR/KIF14/MST1R/S100A12/ECT2/TPX2/EZH2/ITGB1BP1",10
"GO:0007617","mating behavior","5/435","36/18860",0.138888888888889,6.02171136653895,4.63390633187629,0.00133362129579257,0.0306230997544627,0.0252761614012977,"AVPR1A/PPP1R1B/THRB/SERPINE2/THRA",5
"GO:0035296","regulation of tube diameter","11/435","162/18860",0.0679012345679012,2.94394777919682,3.81807745305099,0.00137246704430735,0.0310148505091888,0.0255995106175734,"NPR1/S100A1/AVPR1A/KCNJ8/EDN2/ATP1A2/ADRA2A/ADRB1/AVPR2/ITGB1BP1/P2RY2",11
"GO:0044839","cell cycle G2/M phase transition","11/435","162/18860",0.0679012345679012,2.94394777919682,3.81807745305099,0.00137246704430735,0.0310148505091888,0.0255995106175734,"CDC14B/KIF14/CCNB1/MELK/AURKA/AURKB/CHEK1/BLM/CENPF/IER3/PKMYT1",11
"GO:0097746","blood vessel diameter maintenance","11/435","162/18860",0.0679012345679012,2.94394777919682,3.81807745305099,0.00137246704430735,0.0310148505091888,0.0255995106175734,"NPR1/S100A1/AVPR1A/KCNJ8/EDN2/ATP1A2/ADRA2A/ADRB1/AVPR2/ITGB1BP1/P2RY2",11
"GO:0006813","potassium ion transport","14/435","240/18860",0.0583333333333333,2.52911877394636,3.66317117768386,0.00142577523549304,0.0320499264778463,0.0264538574164333,"FXYD3/DPP6/FXYD1/KCNJ8/KCNAB1/KCNA4/WNK4/ATP1A2/KCNK1/KCNIP2/AQP1/ADRA2A/SLC9A7/TREM2",14
"GO:0001822","kidney development","17/435","323/18860",0.0526315789473684,2.28191167574108,3.57058889391267,0.0014335663568674,0.0320563450794799,0.0264591552998011,"GPC3/BMPER/ZBTB16/KCNJ8/HELLS/FOXJ1/WNK4/CD24/AQP1/YAP1/RET/CENPF/TACSTD2/CD34/EZH2/ACAT1/BMP6",17
"GO:0035150","regulation of tube size","11/435","163/18860",0.0674846625766871,2.9258867498766,3.79436227615362,0.00144207355318043,0.0320786257585085,0.0264775456666736,"NPR1/S100A1/AVPR1A/KCNJ8/EDN2/ATP1A2/ADRA2A/ADRB1/AVPR2/ITGB1BP1/P2RY2",11
"GO:1901970","positive regulation of mitotic sister chromatid separation","4/435","22/18860",0.181818181818182,7.88296760710554,4.96329261639562,0.00146823018698923,0.0324377676201695,0.026773979657161,"ESPL1/DLGAP5/AURKB/SKA3",4
"GO:0003044","regulation of systemic arterial blood pressure mediated by a chemical signal","6/435","54/18860",0.111111111111111,4.81736909323116,4.31631396603195,0.00147340831615849,0.0324377676201695,0.026773979657161,"AVPR1A/EDN2/RASL10B/ADRB1/CTSG/AVPR2",6
"GO:0007409","axonogenesis","22/435","472/18860",0.0466101694915254,2.02084550944867,3.45115118554916,0.00150806231963883,0.0330304316265511,0.0272631617191387,"BMPR1B/POTEE/TUBB3/EFNA4/ZEB2/S100B/NTRK3/PARD6B/EDN2/CELSR1/SEMA3A/EPHA8/TNFRSF12A/NTRK2/LAMA2/SLIT3/RET/NCAM1/PLXNA4/EPHA10/PTPRM/ROBO4",22
"GO:0048880","sensory system development","21/435","443/18860",0.0474040632054176,2.0552658208142,3.45346056728981,0.00156044841921628,0.0340034448901671,0.0280662822553992,"BMPR1B/SMOC1/SHROOM2/ZEB2/NTRK3/MFSD2A/FBN2/NR2E3/GRHL2/THRB/SEMA3A/RAB11FIP4/AQP1/NTRK2/CHRDL1/EGFR/TGFBR2/CRYBG3/PTPRM/ABCB5/BMP6",21
"GO:0007589","body fluid secretion","8/435","95/18860",0.0842105263157895,3.65105868118572,3.98021992711998,0.00158597913395333,0.034130317707836,0.0281710024777983,"NPR1/PRLR/VAMP8/WNK4/AQP1/SCT/XBP1/P2RY2",8
"GO:0021766","hippocampus development","8/435","95/18860",0.0842105263157895,3.65105868118572,3.98021992711998,0.00158597913395333,0.034130317707836,0.0281710024777983,"ZEB2/KIF14/LRP8/MFSD2A/MDK/SCT/EMX2/EZH2",8
"GO:0043410","positive regulation of MAPK cascade","22/435","474/18860",0.0464135021097046,2.01231873514719,3.4297544471522,0.001590244257518,0.034130317707836,0.0281710024777983,"BMPER/GHR/CD27/KLB/NTRK3/ERBB3/FERMT2/MST1R/CAV2/CCL19/SEMA3A/S100A12/EPHA8/PRKCZ/NTRK2/NPY5R/RET/ADRA2A/ADRB1/EGFR/EZH2/TREM2",22
"GO:0045766","positive regulation of angiogenesis","12/435","191/18860",0.06282722513089,2.72395739303123,3.67944990471749,0.00164720596536691,0.0351760833904105,0.0290341725158621,"BMPER/S100A1/RUNX1/MDK/RAPGEF3/AQP1/EPHA1/LRG1/XBP1/PTGIS/CD34/TGFBR2",12
"GO:0030858","positive regulation of epithelial cell differentiation","7/435","75/18860",0.0933333333333333,4.04659003831418,4.06199383722484,0.00170333449824701,0.0356230354612228,0.0294030846368125,"SULT2B1/ZEB2/FOXJ1/CD24/TMEM100/BMP6/IL20",7
"GO:1901889","negative regulation of cell junction assembly","5/435","38/18860",0.131578947368421,5.70477918935269,4.46065227482611,0.00170992095040026,0.0356230354612228,0.0294030846368125,"APOD/FAM107A/CLSTN3/DLC1/ITGB1BP1",5
"GO:0000212","meiotic spindle organization","4/435","23/18860",0.173913043478261,7.54022988505747,4.82226722845806,0.00174527574508295,0.0356230354612228,0.0294030846368125,"ESPL1/AURKA/SKA3/ASPM",4
"GO:0010888","negative regulation of lipid storage","4/435","23/18860",0.173913043478261,7.54022988505747,4.82226722845806,0.00174527574508295,0.0356230354612228,0.0294030846368125,"CES1/CLSTN3/PPARG/TREM2",4
"GO:0051988","regulation of attachment of spindle microtubules to kinetochore","4/435","23/18860",0.173913043478261,7.54022988505747,4.82226722845806,0.00174527574508295,0.0356230354612228,0.0294030846368125,"CCNB1/NEK2/AURKB/ECT2",4
"GO:0010887","negative regulation of cholesterol storage","3/435","11/18860",0.272727272727273,11.8244514106583,5.51770263165605,0.00175154236639119,0.0356230354612228,0.0294030846368125,"CES1/PPARG/TREM2",3
"GO:0019227","neuronal action potential propagation","3/435","11/18860",0.272727272727273,11.8244514106583,5.51770263165605,0.00175154236639119,0.0356230354612228,0.0294030846368125,"NTRK3/ATP1A2/NTRK2",3
"GO:0030157","pancreatic juice secretion","3/435","11/18860",0.272727272727273,11.8244514106583,5.51770263165605,0.00175154236639119,0.0356230354612228,0.0294030846368125,"WNK4/AQP1/SCT",3
"GO:0048251","elastic fiber assembly","3/435","11/18860",0.272727272727273,11.8244514106583,5.51770263165605,0.00175154236639119,0.0356230354612228,0.0294030846368125,"TNXB/FBLN5/MFAP4",3
"GO:0072711","cellular response to hydroxyurea","3/435","11/18860",0.272727272727273,11.8244514106583,5.51770263165605,0.00175154236639119,0.0356230354612228,0.0294030846368125,"TIMELESS/BLM/RAD51",3
"GO:0043269","regulation of monoatomic ion transport","21/435","449/18860",0.0467706013363029,2.02780124414407,3.38683337672603,0.00183666112246521,0.0370625050218272,0.0305912159898703,"FXYD3/HAMP/DPP6/FXYD1/KCNJ8/TESC/KCNAB1/ATP2C2/WNK4/MS4A1/ATP1A2/KCNIP2/ASPH/JPH2/PER1/CACNA2D1/SERPINE2/ADRA2A/SCN3B/CXCL11/TREM2",21
"GO:0002028","regulation of sodium ion transport","7/435","76/18860",0.0921052631578947,3.99334543254688,4.01762875957499,0.00183967479855476,0.0370625050218272,0.0305912159898703,"FXYD3/FXYD1/TESC/WNK4/PER1/SERPINE2/SCN3B",7
"GO:0055074","calcium ion homeostasis","17/435","331/18860",0.0513595166163142,2.22675973191652,3.45977398390134,0.00185848951649796,0.0371332888830578,0.0306496406534549,"ABCC6/CALB2/CCL14/ATP2C2/WNK4/EDN2/CAV2/CNR1/CCL19/ATP1A2/RGN/ASPH/JPH2/CDH23/SV2B/CXCL11/S100A14",17
"GO:0031099","regeneration","12/435","194/18860",0.0618556701030928,2.68183434056168,3.61791751021029,0.00187796544105373,0.0371332888830578,0.0306496406534549,"CEBPA/CD9/TGFBR3/CCNB1/NTRK3/AURKA/RUNX1/APOD/MDK/YAP1/EZH2/POSTN",12
"GO:0043270","positive regulation of monoatomic ion transport","12/435","194/18860",0.0618556701030928,2.68183434056168,3.61791751021029,0.00187796544105373,0.0371332888830578,0.0306496406534549,"FXYD3/FXYD1/TESC/ATP2C2/MS4A1/KCNIP2/ASPH/JPH2/ADRA2A/SCN3B/CXCL11/TREM2",12
"GO:0045580","regulation of T cell differentiation","12/435","194/18860",0.0618556701030928,2.68183434056168,3.61791751021029,0.00187796544105373,0.0371332888830578,0.0306496406534549,"ZBTB16/CD27/FOXJ1/RUNX1/MDK/CCL19/ASCL2/PRKCZ/XBP1/CD2/IL7R/TGFBR2",12
"GO:0030099","myeloid cell differentiation","22/435","481/18860",0.0457380457380457,1.98303343130929,3.35567658458815,0.00190872776441611,0.0373668966722915,0.0308424594155206,"CEBPA/GPC3/ZBTB16/HBA2/HMGB3/TGFBR3/TESC/IL33/RUNX1/EPAS1/HOXA7/CCL19/DIAPH3/HBG1/PPARG/THRA/SPIB/TGFBR2/NR3C1/ALAS2/TREM2/IL20",22
"GO:1902904","negative regulation of supramolecular fiber organization","11/435","169/18860",0.0650887573964497,2.8220091137863,3.65576136700094,0.00192307063899521,0.0373668966722915,0.0308424594155206,"SPTBN1/GAS2L2/MET/INPP5J/KANK1/DIAPH3/DLC1/TPX2/TACSTD2/TREM2/S1PR1",11
"GO:0032147","activation of protein kinase activity","5/435","39/18860",0.128205128205128,5.55850279988211,4.37858104356711,0.00192477575928451,0.0373668966722915,0.0308424594155206,"PRLR/KIF14/ECT2/TPX2/ITGB1BP1",5
"GO:0045823","positive regulation of heart contraction","5/435","39/18860",0.128205128205128,5.55850279988211,4.37858104356711,0.00192477575928451,0.0373668966722915,0.0308424594155206,"AVPR1A/EDN2/ATP1A2/SCN3B/ADRB1",5
"GO:0051480","regulation of cytosolic calcium ion concentration","6/435","57/18860",0.105263157894737,4.56382335148215,4.14038030865428,0.00195375727655933,0.0375490967310116,0.0309928464804638,"CALB2/CAV2/CNR1/ASPH/CDH23/SV2B",6
"GO:0007189","adenylate cyclase-activating G protein-coupled receptor signaling pathway","12/435","195/18860",0.0615384615384615,2.66808134394341,3.59766519091785,0.00196053583961967,0.0375490967310116,0.0309928464804638,"MRAP/PTGER3/CNR1/RAPGEF3/GNG2/SCT/ADRA2A/RAMP1/ADRB1/AVPR2/CXCL11/S1PR1",12
"GO:1904018","positive regulation of vasculature development","12/435","195/18860",0.0615384615384615,2.66808134394341,3.59766519091785,0.00196053583961967,0.0375490967310116,0.0309928464804638,"BMPER/S100A1/RUNX1/MDK/RAPGEF3/AQP1/EPHA1/LRG1/XBP1/PTGIS/CD34/TGFBR2",12
"GO:0001889","liver development","10/435","145/18860",0.0689655172413793,2.99009116131589,3.69625790821619,0.00199407883440172,0.0380210299184364,0.03138237789667,"CEBPA/E2F7/LIMS2/TGFBR3/AURKA/MET/MDK/XBP1/EZH2/ACAT1",10
"GO:0042060","wound healing","21/435","453/18860",0.0463576158940397,2.00989571439446,3.34298428127221,0.00204304012261755,0.0387814416164425,0.0320100181082862,"SLC7A11/SERPINA1/CD9/ERBB3/FERMT2/EPB41L4B/ANGPTL1/TNFRSF12A/KANK1/AQP1/SERPINE2/LRG1/YAP1/F2RL2/ADRA2A/PPARG/XBP1/CTSG/CD34/TYRO3/VAV3",21
"GO:0051781","positive regulation of cell division","8/435","99/18860",0.0808080808080808,3.50354115871357,3.83746609785356,0.00206306407165296,0.0389882595134061,0.0321807246202411,"CDC14B/KIF14/MDK/AURKB/ECT2/CDC14C/ITGB1BP1/KIF23",8
"GO:0072009","nephron epithelium development","9/435","122/18860",0.0737704918032787,3.1984171848502,3.74307577202457,0.00208863252785164,0.0392975750064068,0.0324360321621847,"GPC3/FOXJ1/WNK4/CD24/AQP1/YAP1/TACSTD2/CD34/ACAT1",9
"GO:1903524","positive regulation of blood circulation","5/435","40/18860",0.125,5.41954022988506,4.29929740021474,0.00215871565441293,0.040438046315779,0.0333773717757567,"AVPR1A/EDN2/ATP1A2/SCN3B/ADRB1",5
"GO:0032754","positive regulation of interleukin-5 production","3/435","12/18860",0.25,10.8390804597701,5.23856948715374,0.00229562918620524,0.0421854788347854,0.0348196942951106,"IL17RB/IL33/PRKCZ",3
"GO:0072710","response to hydroxyurea","3/435","12/18860",0.25,10.8390804597701,5.23856948715374,0.00229562918620524,0.0421854788347854,0.0348196942951106,"TIMELESS/BLM/RAD51",3
"GO:0098870","action potential propagation","3/435","12/18860",0.25,10.8390804597701,5.23856948715374,0.00229562918620524,0.0421854788347854,0.0348196942951106,"NTRK3/ATP1A2/NTRK2",3
"GO:0045598","regulation of fat cell differentiation","10/435","148/18860",0.0675675675675676,2.92948120534327,3.62085819173902,0.00231836570114551,0.0421854788347854,0.0348196942951106,"CEBPA/ZBTB16/FERMT2/TRIB3/PTPRQ/CDS1/YAP1/SLC7A10/PPARG/XBP1",10
"GO:0061008","hepaticobiliary system development","10/435","148/18860",0.0675675675675676,2.92948120534327,3.62085819173902,0.00231836570114551,0.0421854788347854,0.0348196942951106,"CEBPA/E2F7/LIMS2/TGFBR3/AURKA/MET/MDK/XBP1/EZH2/ACAT1",10
"GO:1902107","positive regulation of leukocyte differentiation","12/435","199/18860",0.0603015075376884,2.61445156818576,3.51790666972302,0.00232113966897087,0.0421854788347854,0.0348196942951106,"ZBTB16/CD27/TESC/RUNX1/MDK/CCL19/PRKCZ/XBP1/IL7R/TGFBR2/TREM2/IL20",12
"GO:1903708","positive regulation of hemopoiesis","12/435","199/18860",0.0603015075376884,2.61445156818576,3.51790666972302,0.00232113966897087,0.0421854788347854,0.0348196942951106,"ZBTB16/CD27/TESC/RUNX1/MDK/CCL19/PRKCZ/XBP1/IL7R/TGFBR2/TREM2/IL20",12
"GO:0006066","alcohol metabolic process","18/435","368/18860",0.0489130434782609,2.12068965517241,3.33593469728785,0.00235753668951818,0.0426654203429327,0.0352158357412862,"CEBPA/CES1/SULT2B1/ACADL/SQLE/CYP3A5/ACSS2/LEPR/ALDH2/INPP5J/DGAT1/ADH1B/ADH1A/SEC14L2/RDH5/BMP5/ALDH1A1/BMP6",18
"GO:0002070","epithelial cell maturation","4/435","25/18860",0.16,6.93701149425287,4.5641014815168,0.00240423320335277,0.0429649297676013,0.0354630494009037,"CEBPA/HOXB13/EPAS1/XBP1",4
"GO:0010878","cholesterol storage","4/435","25/18860",0.16,6.93701149425287,4.5641014815168,0.00240423320335277,0.0429649297676013,0.0354630494009037,"CES1/MSR1/PPARG/TREM2",4
"GO:0042327","positive regulation of phosphorylation","14/435","254/18860",0.0551181102362205,2.38971852656349,3.42623705477368,0.00241296063500328,0.0429649297676013,0.0354630494009037,"DOK7/EEF1A2/PRLR/KIF14/MST1R/S100A12/ECT2/XBP1/TPX2/EGFR/EZH2/ITGB1BP1/PROM2/IL20",14
"GO:0015698","inorganic anion transport","11/435","174/18860",0.0632183908045977,2.7409168978729,3.54482420942015,0.00241714885357749,0.0429649297676013,0.0354630494009037,"SLC20A1/SLC6A2/FXYD3/ABCC6/SLC1A7/FXYD1/WNK4/KCNK1/CLIC5/CLCN4/TTYH1",11
"GO:0001701","in utero embryonic development","20/435","429/18860",0.0466200466200466,2.02127374541168,3.287733253766,0.0024243849388883,0.0429649297676013,0.0354630494009037,"CEBPA/E2F7/CCNB1/ACVR1C/EPAS1/GRHL2/ELF3/NEK2/DIAPH3/ASCL2/CHEK1/YAP1/SALL4/KRT19/RRM2/EGFR/C6/BMP5/TGFBR2/TMEM100",20
"GO:0014074","response to purine-containing compound","10/435","149/18860",0.0671140939597315,2.90982025765641,3.59614621176271,0.00243541440342129,0.0429820451116213,0.0354771763247408,"DUSP1/FOSB/KCNJ8/COL1A1/GPD1/RAPGEF3/ASPH/PER1/AQP1/P2RY2",10
"GO:0045619","regulation of lymphocyte differentiation","13/435","227/18860",0.0572687224669604,2.48296116259051,3.45383450928103,0.00244627234151255,0.0429960048172844,0.0354886985996341,"ZBTB16/CD27/HMGB3/FOXJ1/RUNX1/MDK/CCL19/ASCL2/PRKCZ/XBP1/CD2/IL7R/TGFBR2",13
"GO:0045582","positive regulation of T cell differentiation","9/435","125/18860",0.072,3.12165517241379,3.65681650698565,0.00246549568372119,0.0430857906371518,0.0355628073898191,"ZBTB16/CD27/RUNX1/MDK/CCL19/PRKCZ/XBP1/IL7R/TGFBR2",9
"GO:0140962","multicellular organismal-level chemical homeostasis","7/435","80/18860",0.0875,3.79367816091954,3.84745707111784,0.00247155670945966,0.0430857906371518,0.0355628073898191,"HAMP/MYO5B/EPAS1/SCNN1A/AQP1/AVPR2/BMP6",7
"GO:0042325","regulation of phosphorylation","20/435","431/18860",0.0464037122969838,2.01189428487612,3.26530011464499,0.00255691823602447,0.0443926739270753,0.0366415026634402,"DUSP1/DOK7/EEF1A2/PRLR/KIF14/MST1R/LDB2/TRIB3/PTK6/S100A12/BLM/ECT2/XBP1/TPX2/EGFR/EZH2/ITGB1BP1/PKMYT1/PROM2/IL20",20
"GO:0001667","ameboidal-type cell migration","14/435","256/18860",0.0546875,2.37104885057471,3.3936727147749,0.00259160753998328,0.0448127765314518,0.0369882533620456,"GPC3/ZEB2/ACVR1C/RAB25/EPB41L4B/FBN2/SEMA3A/KANK1/AQP1/LRG1/RET/TACSTD2/ITGB1BP1/TGFBR2",14
"GO:0001654","eye development","20/435","432/18860",0.0462962962962963,2.00723712217965,3.25412855326862,0.00262543927697915,0.0452147223870078,0.0373200175662273,"BMPR1B/SMOC1/SHROOM2/ZEB2/NTRK3/MFSD2A/FBN2/NR2E3/GRHL2/THRB/RAB11FIP4/AQP1/NTRK2/CHRDL1/EGFR/TGFBR2/CRYBG3/PTPRM/ABCB5/BMP6",20
"GO:0002573","myeloid leukocyte differentiation","14/435","257/18860",0.0544747081712062,2.3618229795608,3.37750450790035,0.00268493375233411,0.0457932386086486,0.0377975221137325,"CEBPA/GPC3/TESC/IL33/RUNX1/HOXA7/CCL19/DIAPH3/PPARG/SPIB/TGFBR2/NR3C1/TREM2/IL20",14
"GO:0060391","positive regulation of SMAD protein signal transduction","5/435","42/18860",0.119047619047619,5.16146688560482,4.14843764585157,0.00268773200880005,0.0457932386086486,0.0377975221137325,"BMPER/TGFBR3/BMP5/TGFBR2/BMP6",5
"GO:1902105","regulation of leukocyte differentiation","17/435","343/18860",0.0495626822157434,2.14885560135384,3.29934251414367,0.00269119711795149,0.0457932386086486,0.0377975221137325,"ZBTB16/CD27/HMGB3/TESC/FOXJ1/RUNX1/MDK/HOXA7/CCL19/ASCL2/PRKCZ/XBP1/CD2/IL7R/TGFBR2/TREM2/IL20",17
"GO:0021761","limbic system development","9/435","127/18860",0.0708661417322835,3.07249524843877,3.60074153114284,0.00274536296725582,0.0465295445759904,0.038405265569506,"ZEB2/KIF14/LRP8/MFSD2A/MDK/ATP1A2/SCT/EMX2/EZH2",9
"GO:0060350","endochondral bone morphogenesis","6/435","61/18860",0.0983606557377049,4.26455624646693,3.92393594879028,0.00276776298580824,0.0467237775193162,0.0385655845203736,"BMPR1B/GHR/COL1A1/MMP13/TGFBR2/BMP6",6
"GO:0051315","attachment of mitotic spindle microtubules to kinetochore","4/435","26/18860",0.153846153846154,6.67020335985853,4.44543471253801,0.00279024424410513,0.0469178471124921,0.0387257686428018,"KIF2C/AURKB/SKA3/NUF2",4
"GO:0001934","positive regulation of protein phosphorylation","13/435","231/18860",0.0562770562770563,2.4399661641041,3.38348079990858,0.00284512013799248,0.0476529729779054,0.0393325380480364,"DOK7/PRLR/KIF14/MST1R/S100A12/ECT2/XBP1/TPX2/EGFR/EZH2/ITGB1BP1/PROM2/IL20",13
"GO:0031401","positive regulation of protein modification process","18/435","375/18860",0.048,2.08110344827586,3.24917699343134,0.00288256151031767,0.0480914851975265,0.0396944839558137,"DOK7/HAMP/PRLR/CDC14B/KIF14/MST1R/TRIB3/FAM107A/S100A12/ECT2/RAMP1/XBP1/TPX2/EGFR/EZH2/ITGB1BP1/PROM2/IL20",18
"GO:0045860","positive regulation of protein kinase activity","9/435","128/18860",0.0703125,3.04849137931034,3.57311719896899,0.00289441562318376,0.0481013584693301,0.0397026333075667,"DOK7/PRLR/KIF14/MST1R/S100A12/ECT2/TPX2/EZH2/ITGB1BP1",9
"GO:0150063","visual system development","20/435","436/18860",0.0458715596330275,1.98882210271011,3.20973854841193,0.00291517533932248,0.0481015641885604,0.0397028031072444,"BMPR1B/SMOC1/SHROOM2/ZEB2/NTRK3/MFSD2A/FBN2/NR2E3/GRHL2/THRB/RAB11FIP4/AQP1/NTRK2/CHRDL1/EGFR/TGFBR2/CRYBG3/PTPRM/ABCB5/BMP6",20
"GO:0021681","cerebellar granular layer development","3/435","13/18860",0.230769230769231,10.0053050397878,4.99055906239046,0.00293356867307042,0.0481015641885604,0.0397028031072444,"KIF14/MDK/SERPINE2",3
"GO:1903867","extraembryonic membrane development","3/435","13/18860",0.230769230769231,10.0053050397878,4.99055906239046,0.00293356867307042,0.0481015641885604,0.0397028031072444,"E2F7/ASCL2/BMP5",3
"GO:0031109","microtubule polymerization or depolymerization","10/435","153/18860",0.065359477124183,2.8337465254301,3.49931595329176,0.00295190778617249,0.0481015641885604,0.0397028031072444,"GAS2L2/TPPP/MET/KIF2C/INPP5J/DIAPH3/AURKB/TPPP3/SKA3/TPX2",10
"GO:0048705","skeletal system morphogenesis","13/435","232/18860",0.0560344827586207,2.42944906856916,3.36612139559167,0.0029527148301939,0.0481015641885604,0.0397028031072444,"BMPR1B/GHR/FREM1/COL1A1/FBN2/HOXA7/MMP13/GRHL2/SOX5/HOXA3/THRA/TGFBR2/BMP6",13
"GO:0046890","regulation of lipid biosynthetic process","12/435","205/18860",0.0585365853658537,2.53793103448276,3.40185951758008,0.00296200219657958,0.0481015641885604,0.0397028031072444,"CES1/AVPR1A/ACADL/MFSD2A/TRIB3/EDN2/SEC14L2/XBP1/GPLD1/BMP5/NR3C1/BMP6",12
"GO:0090132","epithelium migration","8/435","105/18860",0.0761904761904762,3.30333880678708,3.63658841132551,0.00298271818999876,0.0482545052631996,0.0398290399453981,"ZEB2/RAB25/EPB41L4B/GRHL2/KANK1/LRG1/TACSTD2/TGFBR2",8
"GO:0001508","action potential","11/435","179/18860",0.0614525139664804,2.66435497335131,3.43773680518678,0.00300931745065191,0.048318777562911,0.0398820899969658,"TBX18/KCNJ8/NTRK3/CXADR/KCNA4/ATP1A2/KCNIP2/NTRK2/CACNA2D1/SCN4A/SCN3B",11
"GO:0050729","positive regulation of inflammatory response","11/435","179/18860",0.0614525139664804,2.66435497335131,3.43773680518678,0.00300931745065191,0.048318777562911,0.0398820899969658,"CEBPA/IL17RB/VAMP8/PTGER3/IL33/MDK/S100A12/GZMK/NPY5R/MAPK13/TREM2",11
"GO:0006821","chloride transport","9/435","129/18860",0.0697674418604651,3.02485966319166,3.54576143910964,0.00304978941032401,0.0486031737742308,0.0401168292819132,"SLC6A2/FXYD3/SLC1A7/FXYD1/WNK4/KCNK1/CLIC5/CLCN4/TTYH1",9
"GO:0022612","gland morphogenesis","9/435","129/18860",0.0697674418604651,3.02485966319166,3.54576143910964,0.00304978941032401,0.0486031737742308,0.0401168292819132,"LIMS2/EDA/HOXB13/MDK/ELF3/XBP1/EGFR/TGFBR2/NR3C1",9
"GO:0071559","response to transforming growth factor beta","16/435","318/18860",0.050314465408805,2.18145015542543,3.26475718140744,0.00306138338215288,0.0486065740712823,0.0401196358709841,"FNDC4/ZEB2/TGFBR3/FERMT2/COL1A1/MXRA5/FBN2/CAV2/SOX5/LRG1/PPARG/XBP1/TGFBR2/NR3C1/FMOD/POSTN",16
